asset_id,category,name,logical_units,required_states_or_layers,export_requirement,production_phase_batch,feature_ids,screen_dependencies,upstream_dependencies,accessibility_requirement,technical_review,human_review,existing_candidate_paths,status,delivery_kind
PIP-01,character,idle-welcome,1,One aligned still pose; common canvas/pivot/scale; not a rig,1 selected transparent RGBA PNG pose plus source; provisional 1536 × 1536 master; approve common safe box before exports,Phase 2A,F01|F05|F08,home|activity|help|success|goodbye,Phase1-direction;M04;M05;M07,Supportive facial expression; never color-only emotion feedback,Decode/alpha/edge halos/common baseline and actual iPad-size legibility,Pending: product/content/art or listening as applicable; record reviewer/date/decision; technical pass is not approval.,MathBuddy/Assets.xcassets/PipWelcome.imageset;assets/production/picnic-v1/masters/images/PIP-01/take-01/aligned-review.png,character-review-candidate-pending-human-approval,artwork
PIP-02,character,attentive-pointing,1,One aligned still pose; common canvas/pivot/scale; not a rig,1 selected transparent RGBA PNG pose plus source; provisional 1536 × 1536 master; approve common safe box before exports,Phase 2A,F01|F05|F08,home|activity|help|success|goodbye,Phase1-direction;M04;M05;M07,Supportive facial expression; never color-only emotion feedback,Decode/alpha/edge halos/common baseline and actual iPad-size legibility,Pending: product/content/art or listening as applicable; record reviewer/date/decision; technical pass is not approval.,assets/production/picnic-v1/masters/images/PIP-02/take-01/aligned-review.png,character-review-candidate-pending-human-approval,artwork
PIP-03,character,supportive-thinking,1,One aligned still pose; common canvas/pivot/scale; not a rig,1 selected transparent RGBA PNG pose plus source; provisional 1536 × 1536 master; approve common safe box before exports,Phase 2A,F01|F05|F08,home|activity|help|success|goodbye,Phase1-direction;M04;M05;M07,Supportive facial expression; never color-only emotion feedback,Decode/alpha/edge halos/common baseline and actual iPad-size legibility,Pending: product/content/art or listening as applicable; record reviewer/date/decision; technical pass is not approval.,assets/production/picnic-v1/masters/images/PIP-03/take-01/aligned-review.png,character-review-candidate-pending-human-approval,artwork
PIP-04,character,pleased,1,One aligned still pose; common canvas/pivot/scale; not a rig,1 selected transparent RGBA PNG pose plus source; provisional 1536 × 1536 master; approve common safe box before exports,Phase 2A,F01|F05|F08,home|activity|help|success|goodbye,Phase1-direction;M04;M05;M07,Supportive facial expression; never color-only emotion feedback,Decode/alpha/edge halos/common baseline and actual iPad-size legibility,Pending: product/content/art or listening as applicable; record reviewer/date/decision; technical pass is not approval.,MathBuddy/Assets.xcassets/PipHappy.imageset;assets/production/picnic-v1/masters/images/PIP-04/take-01/aligned-review.png,character-review-candidate-pending-human-approval,artwork
PIP-05,character,farewell,1,One aligned still pose; common canvas/pivot/scale; not a rig,1 selected transparent RGBA PNG pose plus source; provisional 1536 × 1536 master; approve common safe box before exports,Phase 2A,F01|F05|F08,home|activity|help|success|goodbye,Phase1-direction;M04;M05;M07,Supportive facial expression; never color-only emotion feedback,Decode/alpha/edge halos/common baseline and actual iPad-size legibility,Pending: product/content/art or listening as applicable; record reviewer/date/decision; technical pass is not approval.,assets/production/picnic-v1/masters/images/PIP-05/take-01/aligned-review.png,character-review-candidate-pending-human-approval,artwork
ENV-01,environment,picnic-working-scene,1,3 registered layers: distant scenery; ground plane; edge foreground. Landscape/portrait composition for each; transparent center/edges as appropriate.,6 selected PNG exports =3 layers × 2 orientations; layered editable master; provisional 2732 × 2048 landscape and 2048 × 2732 portrait; final device target at review,Phase 2A,F01|F08|F12,home|activity,Phase1-composition;M01;M02;M03;M06,No decorative duplicates resembling countable objects; clear control safe regions; content survives reflow,Layer alignment/crop/safe-region dimensions/alpha/no baked UI,Pending: product/content/art or listening as applicable; record reviewer/date/decision; technical pass is not approval.,,new-required,artwork
ENV-02,environment,garden-scene,1,3 registered layers: distant scenery; ground plane; edge foreground. Landscape/portrait composition for each; transparent center/edges as appropriate.,6 selected PNG exports =3 layers × 2 orientations; layered editable master; provisional 2732 × 2048 landscape and 2048 × 2732 portrait; final device target at review,Phase 2A,F01|F08|F12,home|garden|goodbye,Phase1-composition;M01;M02;M03;M06,No decorative duplicates resembling countable objects; clear control safe regions; content survives reflow,Layer alignment/crop/safe-region dimensions/alpha/no baked UI,Pending: product/content/art or listening as applicable; record reviewer/date/decision; technical pass is not approval.,MathBuddy/Assets.xcassets/GardenBackground.imageset,existing-candidate-unapproved-needs-layered-replacement,artwork
OBJ-BERRY,manipulative,berry,1,Available|pressed|moving|placed|returned|count-highlighted|help-highlighted|completed; same base silhouette with native state overlays/transforms,"1 transparent 1024 × 1024 base PNG or approved scalable vector; native state recipe covers eight states; up to 6 simultaneous occurrences, not six images",Phase 2B,F02|F03|F04|F08,count|join|take-away,Phase1-direction;M01;M02;M03;M04,Recognizable silhouette independent of hue;80–88 pt proposed hit region; discoverable individual occurrences,Sharp edges at final size/alpha/object conservation storyboard/states readable when input is disabled,Pending: product/content/art or listening as applicable; record reviewer/date/decision; technical pass is not approval.,MathBuddy/Design/NativeIllustrations.swift,existing-vector-concept-unapproved,artwork
OBJ-APPLE,manipulative,apple,1,Available|pressed|moving|placed|returned|count-highlighted|help-highlighted|completed; same base silhouette with native state overlays/transforms,"1 transparent 1024 × 1024 base PNG or approved scalable vector; native state recipe covers eight states; up to 6 simultaneous occurrences, not six images",Phase 2B,F02|F03|F04|F08,count|join|take-away,Phase1-direction;M01;M02;M03;M04,Recognizable silhouette independent of hue;80–88 pt proposed hit region; discoverable individual occurrences,Sharp edges at final size/alpha/object conservation storyboard/states readable when input is disabled,Pending: product/content/art or listening as applicable; record reviewer/date/decision; technical pass is not approval.,,new-required,artwork
PROP-BASKET,prop,packing-basket,1,Back and front/rim layers; empty and up-to6 packed state compositions; objects remain visible,2 transparent PNG layers or2 vector layers; no prepainted full-basket variant needed,Phase 2B,F02|F08,count,M01,All packed objects identifiable; empty distinct from missing media,Layer order/occlusion/capacity six/placement anchor map,Pending: product/content/art or listening as applicable; record reviewer/date/decision; technical pass is not approval.,MathBuddy/Design/NativeIllustrations.swift,existing-vector-concept-unapproved,artwork
PROP-MAT-A,prop,source-or-shared-mat,1,Empty|occupied|focus; matA/matB distinguishable by shape/location plus optional pattern,1 scalable PDF / vector component each; fills/focus rendered natively; anchor map supports 0–6,Phase 2B,F02|F03|F04,count|join|take-away,M01;M02;M03,Noncolor source/destination distinction; reachable whole target,Bounds/stable object slots/no obscured quantity,Pending: product/content/art or listening as applicable; record reviewer/date/decision; technical pass is not approval.,,new-required,artwork
PROP-MAT-B,prop,incoming-mat,1,Empty|occupied|focus; matA/matB distinguishable by shape/location plus optional pattern,1 scalable PDF / vector component each; fills/focus rendered natively; anchor map supports 0–6,Phase 2B,F02|F03|F04,count|join|take-away,M01;M02;M03,Noncolor source/destination distinction; reachable whole target,Bounds/stable object slots/no obscured quantity,Pending: product/content/art or listening as applicable; record reviewer/date/decision; technical pass is not approval.,,new-required,artwork
PROP-PLATE,prop,friend-plate,1,Empty|occupied|focus; matA/matB distinguishable by shape/location plus optional pattern,1 scalable PDF / vector component each; fills/focus rendered natively; anchor map supports 0–6,Phase 2B,F02|F03|F04,count|join|take-away,M01;M02;M03,Noncolor source/destination distinction; reachable whole target,Bounds/stable object slots/no obscured quantity,Pending: product/content/art or listening as applicable; record reviewer/date/decision; technical pass is not approval.,,new-required,artwork
REF-00,quantity-reference,requested-quantity-0,1,Framed noninteractive model containing 0  family objects; same quantity in berry and apple compositions; zero=empty framed model,Native reference-card recipe + contact-sheet example for each family; no additional raster export; uses OBJ-BERRY / OBJ-APPLE,Phase 2B,F02|F04|F12,count-target|transfer-target,OBJ-BERRY;OBJ-APPLE;M04,Requested quantity may be announced; distinct from movable task objects; never display assessed total or remainder,Verify0–5 exact visible quantity; zero differs from missing media; 2 families × 6 examples,Pending: product/content/art or listening as applicable; record reviewer/date/decision; technical pass is not approval.,,new-required,native-design-definition
REF-01,quantity-reference,requested-quantity-1,1,Framed noninteractive model containing 1  family objects; same quantity in berry and apple compositions; zero=empty framed model,Native reference-card recipe + contact-sheet example for each family; no additional raster export; uses OBJ-BERRY / OBJ-APPLE,Phase 2B,F02|F04|F12,count-target|transfer-target,OBJ-BERRY;OBJ-APPLE;M04,Requested quantity may be announced; distinct from movable task objects; never display assessed total or remainder,Verify0–5 exact visible quantity; zero differs from missing media; 2 families × 6 examples,Pending: product/content/art or listening as applicable; record reviewer/date/decision; technical pass is not approval.,,new-required,native-design-definition
REF-02,quantity-reference,requested-quantity-2,1,Framed noninteractive model containing 2  family objects; same quantity in berry and apple compositions; zero=empty framed model,Native reference-card recipe + contact-sheet example for each family; no additional raster export; uses OBJ-BERRY / OBJ-APPLE,Phase 2B,F02|F04|F12,count-target|transfer-target,OBJ-BERRY;OBJ-APPLE;M04,Requested quantity may be announced; distinct from movable task objects; never display assessed total or remainder,Verify0–5 exact visible quantity; zero differs from missing media; 2 families × 6 examples,Pending: product/content/art or listening as applicable; record reviewer/date/decision; technical pass is not approval.,,new-required,native-design-definition
REF-03,quantity-reference,requested-quantity-3,1,Framed noninteractive model containing 3  family objects; same quantity in berry and apple compositions; zero=empty framed model,Native reference-card recipe + contact-sheet example for each family; no additional raster export; uses OBJ-BERRY / OBJ-APPLE,Phase 2B,F02|F04|F12,count-target|transfer-target,OBJ-BERRY;OBJ-APPLE;M04,Requested quantity may be announced; distinct from movable task objects; never display assessed total or remainder,Verify0–5 exact visible quantity; zero differs from missing media; 2 families × 6 examples,Pending: product/content/art or listening as applicable; record reviewer/date/decision; technical pass is not approval.,,new-required,native-design-definition
REF-04,quantity-reference,requested-quantity-4,1,Framed noninteractive model containing 4  family objects; same quantity in berry and apple compositions; zero=empty framed model,Native reference-card recipe + contact-sheet example for each family; no additional raster export; uses OBJ-BERRY / OBJ-APPLE,Phase 2B,F02|F04|F12,count-target|transfer-target,OBJ-BERRY;OBJ-APPLE;M04,Requested quantity may be announced; distinct from movable task objects; never display assessed total or remainder,Verify0–5 exact visible quantity; zero differs from missing media; 2 families × 6 examples,Pending: product/content/art or listening as applicable; record reviewer/date/decision; technical pass is not approval.,,new-required,native-design-definition
REF-05,quantity-reference,requested-quantity-5,1,Framed noninteractive model containing 5  family objects; same quantity in berry and apple compositions; zero=empty framed model,Native reference-card recipe + contact-sheet example for each family; no additional raster export; uses OBJ-BERRY / OBJ-APPLE,Phase 2B,F02|F04|F12,count-target|transfer-target,OBJ-BERRY;OBJ-APPLE;M04,Requested quantity may be announced; distinct from movable task objects; never display assessed total or remainder,Verify0–5 exact visible quantity; zero differs from missing media; 2 families × 6 examples,Pending: product/content/art or listening as applicable; record reviewer/date/decision; technical pass is not approval.,,new-required,native-design-definition
NUM-00,numeral,0,1,Normal|focused|selected; spokenword counterpart,Native rounded system font glyph; style/size/contrast recipe;no raster files,Phase 2B,F02|F03|F04|F12,target|answer-choice|post-success-equation,Phase1-typography,Use native text; numeral accessible label; total not leaked by placement,Legibility sheet0–6; stable choice position; equationreveal timing,Pending: product/content/art or listening as applicable; record reviewer/date/decision; technical pass is not approval.,,new-required,native-design-definition
NUM-01,numeral,1,1,Normal|focused|selected; spokenword counterpart,Native rounded system font glyph; style/size/contrast recipe;no raster files,Phase 2B,F02|F03|F04|F12,target|answer-choice|post-success-equation,Phase1-typography,Use native text; numeral accessible label; total not leaked by placement,Legibility sheet0–6; stable choice position; equationreveal timing,Pending: product/content/art or listening as applicable; record reviewer/date/decision; technical pass is not approval.,,new-required,native-design-definition
NUM-02,numeral,2,1,Normal|focused|selected; spokenword counterpart,Native rounded system font glyph; style/size/contrast recipe;no raster files,Phase 2B,F02|F03|F04|F12,target|answer-choice|post-success-equation,Phase1-typography,Use native text; numeral accessible label; total not leaked by placement,Legibility sheet0–6; stable choice position; equationreveal timing,Pending: product/content/art or listening as applicable; record reviewer/date/decision; technical pass is not approval.,,new-required,native-design-definition
NUM-03,numeral,3,1,Normal|focused|selected; spokenword counterpart,Native rounded system font glyph; style/size/contrast recipe;no raster files,Phase 2B,F02|F03|F04|F12,target|answer-choice|post-success-equation,Phase1-typography,Use native text; numeral accessible label; total not leaked by placement,Legibility sheet0–6; stable choice position; equationreveal timing,Pending: product/content/art or listening as applicable; record reviewer/date/decision; technical pass is not approval.,,new-required,native-design-definition
NUM-04,numeral,4,1,Normal|focused|selected; spokenword counterpart,Native rounded system font glyph; style/size/contrast recipe;no raster files,Phase 2B,F02|F03|F04|F12,target|answer-choice|post-success-equation,Phase1-typography,Use native text; numeral accessible label; total not leaked by placement,Legibility sheet0–6; stable choice position; equationreveal timing,Pending: product/content/art or listening as applicable; record reviewer/date/decision; technical pass is not approval.,,new-required,native-design-definition
NUM-05,numeral,5,1,Normal|focused|selected; spokenword counterpart,Native rounded system font glyph; style/size/contrast recipe;no raster files,Phase 2B,F02|F03|F04|F12,target|answer-choice|post-success-equation,Phase1-typography,Use native text; numeral accessible label; total not leaked by placement,Legibility sheet0–6; stable choice position; equationreveal timing,Pending: product/content/art or listening as applicable; record reviewer/date/decision; technical pass is not approval.,,new-required,native-design-definition
NUM-06,numeral,6,1,Normal|focused|selected; spokenword counterpart,Native rounded system font glyph; style/size/contrast recipe;no raster files,Phase 2B,F02|F03|F04|F12,target|answer-choice|post-success-equation,Phase1-typography,Use native text; numeral accessible label; total not leaked by placement,Legibility sheet0–6; stable choice position; equationreveal timing,Pending: product/content/art or listening as applicable; record reviewer/date/decision; technical pass is not approval.,,new-required,native-design-definition
MARK-PLUS,math-mark,+,1,Post-success equation; normal / focused,Native text/vector symbol;no raster files,Phase 2B,F03|F04,post-success-equation,Phase1-typography,Speak relationship as sentence; no requirement to read equation,Correct symbols/spacing/reveal after answer,Pending: product/content/art or listening as applicable; record reviewer/date/decision; technical pass is not approval.,,new-required,native-design-definition
MARK-MINUS,math-mark,−,1,Post-success equation; normal / focused,Native text/vector symbol;no raster files,Phase 2B,F03|F04,post-success-equation,Phase1-typography,Speak relationship as sentence; no requirement to read equation,Correct symbols/spacing/reveal after answer,Pending: product/content/art or listening as applicable; record reviewer/date/decision; technical pass is not approval.,,new-required,native-design-definition
MARK-EQUAL,math-mark,=,1,Post-success equation; normal / focused,Native text/vector symbol;no raster files,Phase 2B,F03|F04,post-success-equation,Phase1-typography,Speak relationship as sentence; no requirement to read equation,Correct symbols/spacing/reveal after answer,Pending: product/content/art or listening as applicable; record reviewer/date/decision; technical pass is not approval.,,new-required,native-design-definition
UI-PLAY,interface,Play,1,Normal|pressed|disabled|keyboard-or-accessibility-focused; selected where relevant,Native control and approved system symbol / custom vector recipe;no bitmap files; icon names validated during native phase,Phase 2B,F01|F05|F06|F10|F12,home|activity|pause|garden|grown-ups,Phase1-typography;Phase1-control-composition,Visible label or accessible label;64 pt child target;noncolor focus; no hidden answer,Control contact sheet; larger text; stable layout; missing asset fallback defined,Pending: product/content/art or listening as applicable; record reviewer/date/decision; technical pass is not approval.,,new-required,native-design-definition
UI-GARDEN,interface,My garden,1,Normal|pressed|disabled|keyboard-or-accessibility-focused; selected where relevant,Native control and approved system symbol / custom vector recipe;no bitmap files; icon names validated during native phase,Phase 2B,F01|F05|F06|F10|F12,home|activity|pause|garden|grown-ups,Phase1-typography;Phase1-control-composition,Visible label or accessible label;64 pt child target;noncolor focus; no hidden answer,Control contact sheet; larger text; stable layout; missing asset fallback defined,Pending: product/content/art or listening as applicable; record reviewer/date/decision; technical pass is not approval.,,new-required,native-design-definition
UI-HOME,interface,Home or pause,1,Normal|pressed|disabled|keyboard-or-accessibility-focused; selected where relevant,Native control and approved system symbol / custom vector recipe;no bitmap files; icon names validated during native phase,Phase 2B,F01|F05|F06|F10|F12,home|activity|pause|garden|grown-ups,Phase1-typography;Phase1-control-composition,Visible label or accessible label;64 pt child target;noncolor focus; no hidden answer,Control contact sheet; larger text; stable layout; missing asset fallback defined,Pending: product/content/art or listening as applicable; record reviewer/date/decision; technical pass is not approval.,,new-required,native-design-definition
UI-LISTEN,interface,Listen again,1,Normal|pressed|disabled|keyboard-or-accessibility-focused; selected where relevant,Native control and approved system symbol / custom vector recipe;no bitmap files; icon names validated during native phase,Phase 2B,F01|F05|F06|F10|F12,home|activity|pause|garden|grown-ups,Phase1-typography;Phase1-control-composition,Visible label or accessible label;64 pt child target;noncolor focus; no hidden answer,Control contact sheet; larger text; stable layout; missing asset fallback defined,Pending: product/content/art or listening as applicable; record reviewer/date/decision; technical pass is not approval.,,new-required,native-design-definition
UI-UNDO,interface,Undo last move,1,Normal|pressed|disabled|keyboard-or-accessibility-focused; selected where relevant,Native control and approved system symbol / custom vector recipe;no bitmap files; icon names validated during native phase,Phase 2B,F01|F05|F06|F10|F12,home|activity|pause|garden|grown-ups,Phase1-typography;Phase1-control-composition,Visible label or accessible label;64 pt child target;noncolor focus; no hidden answer,Control contact sheet; larger text; stable layout; missing asset fallback defined,Pending: product/content/art or listening as applicable; record reviewer/date/decision; technical pass is not approval.,,new-required,native-design-definition
UI-HELP,interface,Help,1,Normal|pressed|disabled|keyboard-or-accessibility-focused; selected where relevant,Native control and approved system symbol / custom vector recipe;no bitmap files; icon names validated during native phase,Phase 2B,F01|F05|F06|F10|F12,home|activity|pause|garden|grown-ups,Phase1-typography;Phase1-control-composition,Visible label or accessible label;64 pt child target;noncolor focus; no hidden answer,Control contact sheet; larger text; stable layout; missing asset fallback defined,Pending: product/content/art or listening as applicable; record reviewer/date/decision; technical pass is not approval.,,new-required,native-design-definition
UI-DONE,interface,Check my work,1,Normal|pressed|disabled|keyboard-or-accessibility-focused; selected where relevant,Native control and approved system symbol / custom vector recipe;no bitmap files; icon names validated during native phase,Phase 2B,F01|F05|F06|F10|F12,home|activity|pause|garden|grown-ups,Phase1-typography;Phase1-control-composition,Visible label or accessible label;64 pt child target;noncolor focus; no hidden answer,Control contact sheet; larger text; stable layout; missing asset fallback defined,Pending: product/content/art or listening as applicable; record reviewer/date/decision; technical pass is not approval.,,new-required,native-design-definition
UI-JOIN,interface,Join the groups,1,Normal|pressed|disabled|keyboard-or-accessibility-focused; selected where relevant,Native control and approved system symbol / custom vector recipe;no bitmap files; icon names validated during native phase,Phase 2B,F01|F05|F06|F10|F12,home|activity|pause|garden|grown-ups,Phase1-typography;Phase1-control-composition,Visible label or accessible label;64 pt child target;noncolor focus; no hidden answer,Control contact sheet; larger text; stable layout; missing asset fallback defined,Pending: product/content/art or listening as applicable; record reviewer/date/decision; technical pass is not approval.,,new-required,native-design-definition
UI-CONTINUE,interface,Continue,1,Normal|pressed|disabled|keyboard-or-accessibility-focused; selected where relevant,Native control and approved system symbol / custom vector recipe;no bitmap files; icon names validated during native phase,Phase 2B,F01|F05|F06|F10|F12,home|activity|pause|garden|grown-ups,Phase1-typography;Phase1-control-composition,Visible label or accessible label;64 pt child target;noncolor focus; no hidden answer,Control contact sheet; larger text; stable layout; missing asset fallback defined,Pending: product/content/art or listening as applicable; record reviewer/date/decision; technical pass is not approval.,,new-required,native-design-definition
UI-FINISH,interface,Finish for now,1,Normal|pressed|disabled|keyboard-or-accessibility-focused; selected where relevant,Native control and approved system symbol / custom vector recipe;no bitmap files; icon names validated during native phase,Phase 2B,F01|F05|F06|F10|F12,home|activity|pause|garden|grown-ups,Phase1-typography;Phase1-control-composition,Visible label or accessible label;64 pt child target;noncolor focus; no hidden answer,Control contact sheet; larger text; stable layout; missing asset fallback defined,Pending: product/content/art or listening as applicable; record reviewer/date/decision; technical pass is not approval.,,new-required,native-design-definition
UI-ADULT,interface,Grown-ups,1,Normal|pressed|disabled|keyboard-or-accessibility-focused; selected where relevant,Native control and approved system symbol / custom vector recipe;no bitmap files; icon names validated during native phase,Phase 2B,F01|F05|F06|F10|F12,home|activity|pause|garden|grown-ups,Phase1-typography;Phase1-control-composition,Visible label or accessible label;64 pt child target;noncolor focus; no hidden answer,Control contact sheet; larger text; stable layout; missing asset fallback defined,Pending: product/content/art or listening as applicable; record reviewer/date/decision; technical pass is not approval.,,new-required,native-design-definition
UI-CLOSE,interface,Close,1,Normal|pressed|disabled|keyboard-or-accessibility-focused; selected where relevant,Native control and approved system symbol / custom vector recipe;no bitmap files; icon names validated during native phase,Phase 2B,F01|F05|F06|F10|F12,home|activity|pause|garden|grown-ups,Phase1-typography;Phase1-control-composition,Visible label or accessible label;64 pt child target;noncolor focus; no hidden answer,Control contact sheet; larger text; stable layout; missing asset fallback defined,Pending: product/content/art or listening as applicable; record reviewer/date/decision; technical pass is not approval.,,new-required,native-design-definition
UI-REPLAY-STORY,interface,Show what happened,1,Normal|pressed|disabled|keyboard-or-accessibility-focused; selected where relevant,Native control and approved system symbol / custom vector recipe;no bitmap files; icon names validated during native phase,Phase 2B,F01|F05|F06|F10|F12,home|activity|pause|garden|grown-ups,Phase1-typography;Phase1-control-composition,Visible label or accessible label;64 pt child target;noncolor focus; no hidden answer,Control contact sheet; larger text; stable layout; missing asset fallback defined,Pending: product/content/art or listening as applicable; record reviewer/date/decision; technical pass is not approval.,,new-required,native-design-definition
UI-SESSION,interface,Session position dots,1,Normal|pressed|disabled|keyboard-or-accessibility-focused; selected where relevant,Native control and approved system symbol / custom vector recipe;no bitmap files; icon names validated during native phase,Phase 2B,F01|F05|F06|F10|F12,home|activity|pause|garden|grown-ups,Phase1-typography;Phase1-control-composition,Visible label or accessible label;64 pt child target;noncolor focus; no hidden answer,Control contact sheet; larger text; stable layout; missing asset fallback defined,Pending: product/content/art or listening as applicable; record reviewer/date/decision; technical pass is not approval.,,new-required,native-design-definition
UI-SETTINGS,interface,"Adult settings, switches and reset confirmation",1,Normal|pressed|disabled|keyboard-or-accessibility-focused; selected where relevant,Native control and approved system symbol / custom vector recipe;no bitmap files; icon names validated during native phase,Phase 2B,F01|F05|F06|F10|F12,home|activity|pause|garden|grown-ups,Phase1-typography;Phase1-control-composition,Visible label or accessible label;64 pt child target;noncolor focus; no hidden answer,Control contact sheet; larger text; stable layout; missing asset fallback defined,Pending: product/content/art or listening as applicable; record reviewer/date/decision; technical pass is not approval.,,new-required,native-design-definition
UI-ANSWER,interface,Number-choice button treatment,1,Normal|pressed|disabled|keyboard-or-accessibility-focused; selected where relevant,Native control and approved system symbol / custom vector recipe;no bitmap files; icon names validated during native phase,Phase 2B,F01|F05|F06|F10|F12,home|activity|pause|garden|grown-ups,Phase1-typography;Phase1-control-composition,Visible label or accessible label;64 pt child target;noncolor focus; no hidden answer,Control contact sheet; larger text; stable layout; missing asset fallback defined,Pending: product/content/art or listening as applicable; record reviewer/date/decision; technical pass is not approval.,,new-required,native-design-definition
CUE-DEMO,instructional-cue,demonstration-pointer-and-focus,1,Start|single action|settled; optional hand plus native path / focus; no looping demand,1 transparent hand PNG or vector + native path recipe; Reduced Motion static focus,Phase 2B,F05|F08|F12,first-interaction|help,M04,Never obscure target; static equivalent; assistance recorded when it models answer,Alignment/path bounds/single cycle/interruption storyboard,Pending: product/content/art or listening as applicable; record reviewer/date/decision; technical pass is not approval.,,new-required,artwork
REWARD-PINWHEEL,reward-toy,earned-pinwheel,1,Base|stem|rotor separate; preview|placeable|placed|activated|settled|revisited,3 transparent PNG / vector layers sharing anchor map; one rotation definition; no prerendered frame stack,Phase 2C,F07|F08,garden|reward,M06;ENV-02,One activation gives one finite spin; Reduced Motionstill or brief highlight; play freely after ownership,Pivot/attachment/z-order/full spin/stop frame; no automatic endless motion,Pending: product/content/art or listening as applicable; record reviewer/date/decision; technical pass is not approval.,MathBuddy/Design/NativeIllustrations.swift,existing-vector-concept-unapproved,artwork
REWARD-FLOWER,reward-toy,free-flower,1,Bud|open bloom; touch|settle; always available from first garden visit,2 transparent PNG/vector states with same anchor; bloom transition recipe,Phase 2C,F07|F08,garden,M06;ENV-02,Available without completing math; Reduced Motionstate change,Two states aligned / recognizable; no earned reward dependency,Pending: product/content/art or listening as applicable; record reviewer/date/decision; technical pass is not approval.,,new-required,artwork
DECOR-01,permanent-decoration,mushroom,1,Preview|placeable|placed|revisited; one reserved placement slot plus ownership state,1 transparent PNG / vector base each + placement recipe; bunting includes attachment anchor map; no separate poses,Phase 2C,F07|F08,garden|reward,M06;ENV-02,Distinct silhouette; do not use color alone; all owned items remain available,Clearance map/no countable-looking clutter/no occluded toy or control,Pending: product/content/art or listening as applicable; record reviewer/date/decision; technical pass is not approval.,,new-required,artwork
DECOR-02,permanent-decoration,lantern,1,Preview|placeable|placed|revisited; one reserved placement slot plus ownership state,1 transparent PNG / vector base each + placement recipe; bunting includes attachment anchor map; no separate poses,Phase 2C,F07|F08,garden|reward,M06;ENV-02,Distinct silhouette; do not use color alone; all owned items remain available,Clearance map/no countable-looking clutter/no occluded toy or control,Pending: product/content/art or listening as applicable; record reviewer/date/decision; technical pass is not approval.,,new-required,artwork
DECOR-03,permanent-decoration,stepping-stone,1,Preview|placeable|placed|revisited; one reserved placement slot plus ownership state,1 transparent PNG / vector base each + placement recipe; bunting includes attachment anchor map; no separate poses,Phase 2C,F07|F08,garden|reward,M06;ENV-02,Distinct silhouette; do not use color alone; all owned items remain available,Clearance map/no countable-looking clutter/no occluded toy or control,Pending: product/content/art or listening as applicable; record reviewer/date/decision; technical pass is not approval.,,new-required,artwork
DECOR-04,permanent-decoration,bunting,1,Preview|placeable|placed|revisited; one reserved placement slot plus ownership state,1 transparent PNG / vector base each + placement recipe; bunting includes attachment anchor map; no separate poses,Phase 2C,F07|F08,garden|reward,M06;ENV-02,Distinct silhouette; do not use color alone; all owned items remain available,Clearance map/no countable-looking clutter/no occluded toy or control,Pending: product/content/art or listening as applicable; record reviewer/date/decision; technical pass is not approval.,,new-required,artwork
DECOR-05,permanent-decoration,birdhouse,1,Preview|placeable|placed|revisited; one reserved placement slot plus ownership state,1 transparent PNG / vector base each + placement recipe; bunting includes attachment anchor map; no separate poses,Phase 2C,F07|F08,garden|reward,M06;ENV-02,Distinct silhouette; do not use color alone; all owned items remain available,Clearance map/no countable-looking clutter/no occluded toy or control,Pending: product/content/art or listening as applicable; record reviewer/date/decision; technical pass is not approval.,,new-required,artwork
BRAND-01,branding,wordmark,1,Home/title treatment; scalable,Native typographic recipe or outlined vector with licensed font provenance;zero or one selected vector,Phase 2A,F01|F08,home|adult-review,Phase1-direction,App name also real text for accessibility,Small-size letter clarity / font license,Pending: product/content/art or listening as applicable; record reviewer/date/decision; technical pass is not approval.,,new-required,native-design-definition
BRAND-02,branding,app-icon,1,Unmasked square icon; small-size review,1 opaque 1024 × 1024 PNG; final target catalog variants decided at native phase,Phase 2A,F01|F08,iPad-home-screen,Phase1-direction,Recognizable without text; no UI gesture embedded,PNG decode / exact 1024 square / opaque / small-size identity,Pending: product/content/art or listening as applicable; record reviewer/date/decision; technical pass is not approval.,MathBuddy/Assets.xcassets/PipIconArtwork.imageset|MathBuddy/Assets.xcassets/AppIcon.appiconset,existing-candidates-unapproved,artwork
M01,motion-brief,pickup-and-return,1,Trigger|layers/pivots|start/end|duration|repeat limit|rapid input|interruption|Reduced Motion|sound cues,1 brief.json + 1 storyboard.pdf each; timed motion study only after direction selection; motion will be implemented natively,Phase 1 contracts; Phase 2D final review,F05|F07|F08|F09|F12,home|activity|help|success|garden|goodbye,Phase1-direction;artlayers provisional BEFORE finalart export,Static/Reduced Motionalternative; input never waits for celebration; no audio-only meaning,Storyboard conserves quantities; no semantic state mutation on animation completion; all transition edges covered,Pending: product/content/art or listening as applicable; record reviewer/date/decision; technical pass is not approval.,,new-required,authoring-specification
M02,motion-brief,join-and-separate,1,Trigger|layers/pivots|start/end|duration|repeat limit|rapid input|interruption|Reduced Motion|sound cues,1 brief.json + 1 storyboard.pdf each; timed motion study only after direction selection; motion will be implemented natively,Phase 1 contracts; Phase 2D final review,F05|F07|F08|F09|F12,home|activity|help|success|garden|goodbye,Phase1-direction;artlayers provisional BEFORE finalart export,Static/Reduced Motionalternative; input never waits for celebration; no audio-only meaning,Storyboard conserves quantities; no semantic state mutation on animation completion; all transition edges covered,Pending: product/content/art or listening as applicable; record reviewer/date/decision; technical pass is not approval.,,new-required,authoring-specification
M03,motion-brief,share-and-remainder,1,Trigger|layers/pivots|start/end|duration|repeat limit|rapid input|interruption|Reduced Motion|sound cues,1 brief.json + 1 storyboard.pdf each; timed motion study only after direction selection; motion will be implemented natively,Phase 1 contracts; Phase 2D final review,F05|F07|F08|F09|F12,home|activity|help|success|garden|goodbye,Phase1-direction;artlayers provisional BEFORE finalart export,Static/Reduced Motionalternative; input never waits for celebration; no audio-only meaning,Storyboard conserves quantities; no semantic state mutation on animation completion; all transition edges covered,Pending: product/content/art or listening as applicable; record reviewer/date/decision; technical pass is not approval.,,new-required,authoring-specification
M04,motion-brief,help-and-demonstration,1,Trigger|layers/pivots|start/end|duration|repeat limit|rapid input|interruption|Reduced Motion|sound cues,1 brief.json + 1 storyboard.pdf each; timed motion study only after direction selection; motion will be implemented natively,Phase 1 contracts; Phase 2D final review,F05|F07|F08|F09|F12,home|activity|help|success|garden|goodbye,Phase1-direction;artlayers provisional BEFORE finalart export,Static/Reduced Motionalternative; input never waits for celebration; no audio-only meaning,Storyboard conserves quantities; no semantic state mutation on animation completion; all transition edges covered,Pending: product/content/art or listening as applicable; record reviewer/date/decision; technical pass is not approval.,,new-required,authoring-specification
M05,motion-brief,completion,1,Trigger|layers/pivots|start/end|duration|repeat limit|rapid input|interruption|Reduced Motion|sound cues,1 brief.json + 1 storyboard.pdf each; timed motion study only after direction selection; motion will be implemented natively,Phase 1 contracts; Phase 2D final review,F05|F07|F08|F09|F12,home|activity|help|success|garden|goodbye,Phase1-direction;artlayers provisional BEFORE finalart export,Static/Reduced Motionalternative; input never waits for celebration; no audio-only meaning,Storyboard conserves quantities; no semantic state mutation on animation completion; all transition edges covered,Pending: product/content/art or listening as applicable; record reviewer/date/decision; technical pass is not approval.,,new-required,authoring-specification
M06,motion-brief,garden-placement-spin-bloom,1,Trigger|layers/pivots|start/end|duration|repeat limit|rapid input|interruption|Reduced Motion|sound cues,1 brief.json + 1 storyboard.pdf each; timed motion study only after direction selection; motion will be implemented natively,Phase 1 contracts; Phase 2D final review,F05|F07|F08|F09|F12,home|activity|help|success|garden|goodbye,Phase1-direction;artlayers provisional BEFORE finalart export,Static/Reduced Motionalternative; input never waits for celebration; no audio-only meaning,Storyboard conserves quantities; no semantic state mutation on animation completion; all transition edges covered,Pending: product/content/art or listening as applicable; record reviewer/date/decision; technical pass is not approval.,,new-required,authoring-specification
M07,motion-brief,greeting-and-farewell,1,Trigger|layers/pivots|start/end|duration|repeat limit|rapid input|interruption|Reduced Motion|sound cues,1 brief.json + 1 storyboard.pdf each; timed motion study only after direction selection; motion will be implemented natively,Phase 1 contracts; Phase 2D final review,F05|F07|F08|F09|F12,home|activity|help|success|garden|goodbye,Phase1-direction;artlayers provisional BEFORE finalart export,Static/Reduced Motionalternative; input never waits for celebration; no audio-only meaning,Storyboard conserves quantities; no semantic state mutation on animation completion; all transition edges covered,Pending: product/content/art or listening as applicable; record reviewer/date/decision; technical pass is not approval.,,new-required,authoring-specification
SFX-PICKUP,sound-effect,soft-pickup,1,One-shot; cancel or avoid repeated cues duringrapid input; no error buzz,1 WAV master + 1 selected AAC .m4a; proposed 0.1–0.8 s except toy cues ≤1.2 s; quiet alongside speech,Phase 2D,F07|F08|F09,activity|success|garden,M01;M05;M06;voice-audition,Separate effects control; meaning also visual; no frightening transients,Decode/duration/no clipping/perceived level under actual voice,Pending: product/content/art or listening as applicable; record reviewer/date/decision; technical pass is not approval.,MathBuddy/Resources/Audio/effect-pickup.wav,existing-candidate-unapproved,audio
SFX-PLACE,sound-effect,soft-place-or-return,1,One-shot; cancel or avoid repeated cues duringrapid input; no error buzz,1 WAV master + 1 selected AAC .m4a; proposed 0.1–0.8 s except toy cues ≤1.2 s; quiet alongside speech,Phase 2D,F07|F08|F09,activity|success|garden,M01;M05;M06;voice-audition,Separate effects control; meaning also visual; no frightening transients,Decode/duration/no clipping/perceived level under actual voice,Pending: product/content/art or listening as applicable; record reviewer/date/decision; technical pass is not approval.,,new-required,audio
SFX-SUCCESS,sound-effect,calm-confirmation,1,One-shot; cancel or avoid repeated cues duringrapid input; no error buzz,1 WAV master + 1 selected AAC .m4a; proposed 0.1–0.8 s except toy cues ≤1.2 s; quiet alongside speech,Phase 2D,F07|F08|F09,activity|success|garden,M01;M05;M06;voice-audition,Separate effects control; meaning also visual; no frightening transients,Decode/duration/no clipping/perceived level under actual voice,Pending: product/content/art or listening as applicable; record reviewer/date/decision; technical pass is not approval.,MathBuddy/Resources/Audio/effect-success.wav,existing-candidate-unapproved,audio
SFX-REWARD,sound-effect,garden-reveal,1,One-shot; cancel or avoid repeated cues duringrapid input; no error buzz,1 WAV master + 1 selected AAC .m4a; proposed 0.1–0.8 s except toy cues ≤1.2 s; quiet alongside speech,Phase 2D,F07|F08|F09,activity|success|garden,M01;M05;M06;voice-audition,Separate effects control; meaning also visual; no frightening transients,Decode/duration/no clipping/perceived level under actual voice,Pending: product/content/art or listening as applicable; record reviewer/date/decision; technical pass is not approval.,MathBuddy/Resources/Audio/effect-reward.wav,existing-candidate-unapproved,audio
SFX-PINWHEEL,sound-effect,brief-spin,1,One-shot; cancel or avoid repeated cues duringrapid input; no error buzz,1 WAV master + 1 selected AAC .m4a; proposed 0.1–0.8 s except toy cues ≤1.2 s; quiet alongside speech,Phase 2D,F07|F08|F09,activity|success|garden,M01;M05;M06;voice-audition,Separate effects control; meaning also visual; no frightening transients,Decode/duration/no clipping/perceived level under actual voice,Pending: product/content/art or listening as applicable; record reviewer/date/decision; technical pass is not approval.,,new-required,audio
SFX-FLOWER,sound-effect,brief-bloom,1,One-shot; cancel or avoid repeated cues duringrapid input; no error buzz,1 WAV master + 1 selected AAC .m4a; proposed 0.1–0.8 s except toy cues ≤1.2 s; quiet alongside speech,Phase 2D,F07|F08|F09,activity|success|garden,M01;M05;M06;voice-audition,Separate effects control; meaning also visual; no frightening transients,Decode/duration/no clipping/perceived level under actual voice,Pending: product/content/art or listening as applicable; record reviewer/date/decision; technical pass is not approval.,,new-required,audio
CNT-01,content-variant,count quantity-reference,1,"See exact parameters, checkpoints, options, help and evidence in content catalog",1 record in shared content-catalog.json;no unique art files,Phase 0 authoring; Phase 2E approved pack,F02|F05|F08|F09|F12,count,CUE-DEMO|ENV-01|LAYOUT-COUNT|M01|M04|M05|OBJ-BERRY|PIP-02|PIP-03|PIP-04|PROP-BASKET|REF-03|SFX-PICKUP|SFX-PLACE|SFX-SUCCESS|UI-CONTINUE|UI-DONE|UI-HELP|UI-HOME|UI-LISTEN|UI-SESSION|UI-UNDO,See per-variant representation and accessibility contract,Quantity arithmetic / reference closure / no answer leak / silent goals / zero cases / option bounds,Pending: product/content/art or listening as applicable; record reviewer/date/decision; technical pass is not approval.,,new-required,content-record
CNT-02,content-variant,count quantity-reference,1,"See exact parameters, checkpoints, options, help and evidence in content catalog",1 record in shared content-catalog.json;no unique art files,Phase 0 authoring; Phase 2E approved pack,F02|F05|F08|F09|F12,count,CUE-DEMO|ENV-01|LAYOUT-COUNT|M01|M04|M05|OBJ-BERRY|PIP-02|PIP-03|PIP-04|PROP-BASKET|REF-05|SFX-PICKUP|SFX-PLACE|SFX-SUCCESS|UI-CONTINUE|UI-DONE|UI-HELP|UI-HOME|UI-LISTEN|UI-SESSION|UI-UNDO,See per-variant representation and accessibility contract,Quantity arithmetic / reference closure / no answer leak / silent goals / zero cases / option bounds,Pending: product/content/art or listening as applicable; record reviewer/date/decision; technical pass is not approval.,,new-required,content-record
CNT-03,content-variant,count quantity-reference,1,"See exact parameters, checkpoints, options, help and evidence in content catalog",1 record in shared content-catalog.json;no unique art files,Phase 0 authoring; Phase 2E approved pack,F02|F05|F08|F09|F12,count,CUE-DEMO|ENV-01|LAYOUT-COUNT|M01|M04|M05|OBJ-APPLE|PIP-02|PIP-03|PIP-04|PROP-BASKET|REF-01|SFX-PICKUP|SFX-PLACE|SFX-SUCCESS|UI-CONTINUE|UI-DONE|UI-HELP|UI-HOME|UI-LISTEN|UI-SESSION|UI-UNDO,See per-variant representation and accessibility contract,Quantity arithmetic / reference closure / no answer leak / silent goals / zero cases / option bounds,Pending: product/content/art or listening as applicable; record reviewer/date/decision; technical pass is not approval.,,new-required,content-record
CNT-04,content-variant,count numeral-plus-reference,1,"See exact parameters, checkpoints, options, help and evidence in content catalog",1 record in shared content-catalog.json;no unique art files,Phase 0 authoring; Phase 2E approved pack,F02|F05|F08|F09|F12,count,CUE-DEMO|ENV-01|LAYOUT-COUNT|M01|M04|M05|NUM-02|OBJ-APPLE|PIP-02|PIP-03|PIP-04|PROP-BASKET|REF-02|SFX-PICKUP|SFX-PLACE|SFX-SUCCESS|UI-CONTINUE|UI-DONE|UI-HELP|UI-HOME|UI-LISTEN|UI-SESSION|UI-UNDO,See per-variant representation and accessibility contract,Quantity arithmetic / reference closure / no answer leak / silent goals / zero cases / option bounds,Pending: product/content/art or listening as applicable; record reviewer/date/decision; technical pass is not approval.,,new-required,content-record
CNT-05,content-variant,count numeral-plus-reference,1,"See exact parameters, checkpoints, options, help and evidence in content catalog",1 record in shared content-catalog.json;no unique art files,Phase 0 authoring; Phase 2E approved pack,F02|F05|F08|F09|F12,count,CUE-DEMO|ENV-01|LAYOUT-COUNT|M01|M04|M05|NUM-04|OBJ-BERRY|PIP-02|PIP-03|PIP-04|PROP-BASKET|REF-04|SFX-PICKUP|SFX-PLACE|SFX-SUCCESS|UI-CONTINUE|UI-DONE|UI-HELP|UI-HOME|UI-LISTEN|UI-SESSION|UI-UNDO,See per-variant representation and accessibility contract,Quantity arithmetic / reference closure / no answer leak / silent goals / zero cases / option bounds,Pending: product/content/art or listening as applicable; record reviewer/date/decision; technical pass is not approval.,,new-required,content-record
CNT-06,content-variant,count quantity-reference,1,"See exact parameters, checkpoints, options, help and evidence in content catalog",1 record in shared content-catalog.json;no unique art files,Phase 0 authoring; Phase 2E approved pack,F02|F05|F08|F09|F12,count,CUE-DEMO|ENV-01|LAYOUT-COUNT|M01|M04|M05|OBJ-APPLE|PIP-02|PIP-03|PIP-04|PROP-BASKET|REF-00|SFX-PICKUP|SFX-PLACE|SFX-SUCCESS|UI-CONTINUE|UI-DONE|UI-HELP|UI-HOME|UI-LISTEN|UI-SESSION|UI-UNDO,See per-variant representation and accessibility contract,Quantity arithmetic / reference closure / no answer leak / silent goals / zero cases / option bounds,Pending: product/content/art or listening as applicable; record reviewer/date/decision; technical pass is not approval.,,new-required,content-record
CNT-07,content-variant,count numeral-plus-reference,1,"See exact parameters, checkpoints, options, help and evidence in content catalog",1 record in shared content-catalog.json;no unique art files,Phase 0 authoring; Phase 2E approved pack,F02|F05|F08|F09|F12,count,CUE-DEMO|ENV-01|LAYOUT-COUNT|M01|M04|M05|NUM-03|OBJ-BERRY|PIP-02|PIP-03|PIP-04|PROP-BASKET|REF-03|SFX-PICKUP|SFX-PLACE|SFX-SUCCESS|UI-CONTINUE|UI-DONE|UI-HELP|UI-HOME|UI-LISTEN|UI-SESSION|UI-UNDO,See per-variant representation and accessibility contract,Quantity arithmetic / reference closure / no answer leak / silent goals / zero cases / option bounds,Pending: product/content/art or listening as applicable; record reviewer/date/decision; technical pass is not approval.,,new-required,content-record
CNT-08,content-variant,count numeral-plus-reference,1,"See exact parameters, checkpoints, options, help and evidence in content catalog",1 record in shared content-catalog.json;no unique art files,Phase 0 authoring; Phase 2E approved pack,F02|F05|F08|F09|F12,count,CUE-DEMO|ENV-01|LAYOUT-COUNT|M01|M04|M05|NUM-05|OBJ-APPLE|PIP-02|PIP-03|PIP-04|PROP-BASKET|REF-05|SFX-PICKUP|SFX-PLACE|SFX-SUCCESS|UI-CONTINUE|UI-DONE|UI-HELP|UI-HOME|UI-LISTEN|UI-SESSION|UI-UNDO,See per-variant representation and accessibility contract,Quantity arithmetic / reference closure / no answer leak / silent goals / zero cases / option bounds,Pending: product/content/art or listening as applicable; record reviewer/date/decision; technical pass is not approval.,,new-required,content-record
JOIN-01,content-variant,join action-only,1,"See exact parameters, checkpoints, options, help and evidence in content catalog",1 record in shared content-catalog.json;no unique art files,Phase 0 authoring; Phase 2E approved pack,F03|F05|F08|F09|F12,join,CUE-DEMO|ENV-01|LAYOUT-JOIN|M01|M02|M04|M05|MARK-EQUAL|MARK-PLUS|NUM-01|NUM-02|NUM-03|OBJ-BERRY|PIP-02|PIP-03|PIP-04|PROP-MAT-A|PROP-MAT-B|SFX-PICKUP|SFX-PLACE|SFX-SUCCESS|UI-CONTINUE|UI-DONE|UI-HELP|UI-HOME|UI-JOIN|UI-LISTEN|UI-REPLAY-STORY|UI-SESSION|UI-UNDO,See per-variant representation and accessibility contract,Quantity arithmetic / reference closure / no answer leak / silent goals / zero cases / option bounds,Pending: product/content/art or listening as applicable; record reviewer/date/decision; technical pass is not approval.,,new-required,content-record
JOIN-02,content-variant,join action-only,1,"See exact parameters, checkpoints, options, help and evidence in content catalog",1 record in shared content-catalog.json;no unique art files,Phase 0 authoring; Phase 2E approved pack,F03|F05|F08|F09|F12,join,CUE-DEMO|ENV-01|LAYOUT-JOIN|M01|M02|M04|M05|MARK-EQUAL|MARK-PLUS|NUM-01|NUM-02|OBJ-APPLE|PIP-02|PIP-03|PIP-04|PROP-MAT-A|PROP-MAT-B|SFX-PICKUP|SFX-PLACE|SFX-SUCCESS|UI-CONTINUE|UI-DONE|UI-HELP|UI-HOME|UI-JOIN|UI-LISTEN|UI-REPLAY-STORY|UI-SESSION|UI-UNDO,See per-variant representation and accessibility contract,Quantity arithmetic / reference closure / no answer leak / silent goals / zero cases / option bounds,Pending: product/content/art or listening as applicable; record reviewer/date/decision; technical pass is not approval.,,new-required,content-record
JOIN-03,content-variant,join numeral-total,1,"See exact parameters, checkpoints, options, help and evidence in content catalog",1 record in shared content-catalog.json;no unique art files,Phase 0 authoring; Phase 2E approved pack,F03|F05|F08|F09|F12,join,CUE-DEMO|ENV-01|LAYOUT-JOIN|M01|M02|M04|M05|MARK-EQUAL|MARK-PLUS|NUM-01|NUM-02|NUM-03|NUM-04|OBJ-BERRY|PIP-02|PIP-03|PIP-04|PROP-MAT-A|PROP-MAT-B|SFX-PICKUP|SFX-PLACE|SFX-SUCCESS|UI-ANSWER|UI-CONTINUE|UI-DONE|UI-HELP|UI-HOME|UI-JOIN|UI-LISTEN|UI-REPLAY-STORY|UI-SESSION|UI-UNDO,See per-variant representation and accessibility contract,Quantity arithmetic / reference closure / no answer leak / silent goals / zero cases / option bounds,Pending: product/content/art or listening as applicable; record reviewer/date/decision; technical pass is not approval.,,new-required,content-record
JOIN-04,content-variant,join numeral-total,1,"See exact parameters, checkpoints, options, help and evidence in content catalog",1 record in shared content-catalog.json;no unique art files,Phase 0 authoring; Phase 2E approved pack,F03|F05|F08|F09|F12,join,CUE-DEMO|ENV-01|LAYOUT-JOIN|M01|M02|M04|M05|MARK-EQUAL|MARK-PLUS|NUM-02|NUM-03|NUM-04|NUM-05|OBJ-APPLE|PIP-02|PIP-03|PIP-04|PROP-MAT-A|PROP-MAT-B|SFX-PICKUP|SFX-PLACE|SFX-SUCCESS|UI-ANSWER|UI-CONTINUE|UI-DONE|UI-HELP|UI-HOME|UI-JOIN|UI-LISTEN|UI-REPLAY-STORY|UI-SESSION|UI-UNDO,See per-variant representation and accessibility contract,Quantity arithmetic / reference closure / no answer leak / silent goals / zero cases / option bounds,Pending: product/content/art or listening as applicable; record reviewer/date/decision; technical pass is not approval.,,new-required,content-record
JOIN-05,content-variant,join numeral-total,1,"See exact parameters, checkpoints, options, help and evidence in content catalog",1 record in shared content-catalog.json;no unique art files,Phase 0 authoring; Phase 2E approved pack,F03|F05|F08|F09|F12,join,CUE-DEMO|ENV-01|LAYOUT-JOIN|M01|M02|M04|M05|MARK-EQUAL|MARK-PLUS|NUM-02|NUM-03|NUM-04|NUM-05|OBJ-BERRY|PIP-02|PIP-03|PIP-04|PROP-MAT-A|PROP-MAT-B|SFX-PICKUP|SFX-PLACE|SFX-SUCCESS|UI-ANSWER|UI-CONTINUE|UI-DONE|UI-HELP|UI-HOME|UI-JOIN|UI-LISTEN|UI-REPLAY-STORY|UI-SESSION|UI-UNDO,See per-variant representation and accessibility contract,Quantity arithmetic / reference closure / no answer leak / silent goals / zero cases / option bounds,Pending: product/content/art or listening as applicable; record reviewer/date/decision; technical pass is not approval.,,new-required,content-record
JOIN-06,content-variant,join action-only,1,"See exact parameters, checkpoints, options, help and evidence in content catalog",1 record in shared content-catalog.json;no unique art files,Phase 0 authoring; Phase 2E approved pack,F03|F05|F08|F09|F12,join,CUE-DEMO|ENV-01|LAYOUT-JOIN|M01|M02|M04|M05|MARK-EQUAL|MARK-PLUS|NUM-00|NUM-03|OBJ-APPLE|PIP-02|PIP-03|PIP-04|PROP-MAT-A|PROP-MAT-B|SFX-PICKUP|SFX-PLACE|SFX-SUCCESS|UI-CONTINUE|UI-DONE|UI-HELP|UI-HOME|UI-JOIN|UI-LISTEN|UI-REPLAY-STORY|UI-SESSION|UI-UNDO,See per-variant representation and accessibility contract,Quantity arithmetic / reference closure / no answer leak / silent goals / zero cases / option bounds,Pending: product/content/art or listening as applicable; record reviewer/date/decision; technical pass is not approval.,,new-required,content-record
JOIN-07,content-variant,join numeral-total,1,"See exact parameters, checkpoints, options, help and evidence in content catalog",1 record in shared content-catalog.json;no unique art files,Phase 0 authoring; Phase 2E approved pack,F03|F05|F08|F09|F12,join,CUE-DEMO|ENV-01|LAYOUT-JOIN|M01|M02|M04|M05|MARK-EQUAL|MARK-PLUS|NUM-00|NUM-03|NUM-04|NUM-05|OBJ-BERRY|PIP-02|PIP-03|PIP-04|PROP-MAT-A|PROP-MAT-B|SFX-PICKUP|SFX-PLACE|SFX-SUCCESS|UI-ANSWER|UI-CONTINUE|UI-DONE|UI-HELP|UI-HOME|UI-JOIN|UI-LISTEN|UI-REPLAY-STORY|UI-SESSION|UI-UNDO,See per-variant representation and accessibility contract,Quantity arithmetic / reference closure / no answer leak / silent goals / zero cases / option bounds,Pending: product/content/art or listening as applicable; record reviewer/date/decision; technical pass is not approval.,,new-required,content-record
JOIN-08,content-variant,join action-only,1,"See exact parameters, checkpoints, options, help and evidence in content catalog",1 record in shared content-catalog.json;no unique art files,Phase 0 authoring; Phase 2E approved pack,F03|F05|F08|F09|F12,join,CUE-DEMO|ENV-01|LAYOUT-JOIN|M01|M02|M04|M05|MARK-EQUAL|MARK-PLUS|NUM-02|NUM-03|NUM-05|OBJ-APPLE|PIP-02|PIP-03|PIP-04|PROP-MAT-A|PROP-MAT-B|SFX-PICKUP|SFX-PLACE|SFX-SUCCESS|UI-CONTINUE|UI-DONE|UI-HELP|UI-HOME|UI-JOIN|UI-LISTEN|UI-REPLAY-STORY|UI-SESSION|UI-UNDO,See per-variant representation and accessibility contract,Quantity arithmetic / reference closure / no answer leak / silent goals / zero cases / option bounds,Pending: product/content/art or listening as applicable; record reviewer/date/decision; technical pass is not approval.,,new-required,content-record
TAKE-01,content-variant,take_away numeral-remainder,1,"See exact parameters, checkpoints, options, help and evidence in content catalog",1 record in shared content-catalog.json;no unique art files,Phase 0 authoring; Phase 2E approved pack,F04|F05|F08|F09|F12,take_away,CUE-DEMO|ENV-01|LAYOUT-TAKE|M01|M03|M04|M05|MARK-EQUAL|MARK-MINUS|NUM-02|NUM-03|NUM-04|NUM-05|OBJ-BERRY|PIP-02|PIP-03|PIP-04|PROP-MAT-A|PROP-PLATE|REF-02|SFX-PICKUP|SFX-PLACE|SFX-SUCCESS|UI-ANSWER|UI-CONTINUE|UI-DONE|UI-HELP|UI-HOME|UI-LISTEN|UI-REPLAY-STORY|UI-SESSION|UI-UNDO,See per-variant representation and accessibility contract,Quantity arithmetic / reference closure / no answer leak / silent goals / zero cases / option bounds,Pending: product/content/art or listening as applicable; record reviewer/date/decision; technical pass is not approval.,,new-required,content-record
TAKE-02,content-variant,take_away action-only,1,"See exact parameters, checkpoints, options, help and evidence in content catalog",1 record in shared content-catalog.json;no unique art files,Phase 0 authoring; Phase 2E approved pack,F04|F05|F08|F09|F12,take_away,CUE-DEMO|ENV-01|LAYOUT-TAKE|M01|M03|M04|M05|MARK-EQUAL|MARK-MINUS|NUM-01|NUM-02|NUM-03|OBJ-APPLE|PIP-02|PIP-03|PIP-04|PROP-MAT-A|PROP-PLATE|REF-01|SFX-PICKUP|SFX-PLACE|SFX-SUCCESS|UI-CONTINUE|UI-DONE|UI-HELP|UI-HOME|UI-LISTEN|UI-REPLAY-STORY|UI-SESSION|UI-UNDO,See per-variant representation and accessibility contract,Quantity arithmetic / reference closure / no answer leak / silent goals / zero cases / option bounds,Pending: product/content/art or listening as applicable; record reviewer/date/decision; technical pass is not approval.,,new-required,content-record
TAKE-03,content-variant,take_away numeral-remainder,1,"See exact parameters, checkpoints, options, help and evidence in content catalog",1 record in shared content-catalog.json;no unique art files,Phase 0 authoring; Phase 2E approved pack,F04|F05|F08|F09|F12,take_away,CUE-DEMO|ENV-01|LAYOUT-TAKE|M01|M03|M04|M05|MARK-EQUAL|MARK-MINUS|NUM-01|NUM-02|NUM-03|NUM-04|OBJ-BERRY|PIP-02|PIP-03|PIP-04|PROP-MAT-A|PROP-PLATE|REF-01|SFX-PICKUP|SFX-PLACE|SFX-SUCCESS|UI-ANSWER|UI-CONTINUE|UI-DONE|UI-HELP|UI-HOME|UI-LISTEN|UI-REPLAY-STORY|UI-SESSION|UI-UNDO,See per-variant representation and accessibility contract,Quantity arithmetic / reference closure / no answer leak / silent goals / zero cases / option bounds,Pending: product/content/art or listening as applicable; record reviewer/date/decision; technical pass is not approval.,,new-required,content-record
TAKE-04,content-variant,take_away action-only,1,"See exact parameters, checkpoints, options, help and evidence in content catalog",1 record in shared content-catalog.json;no unique art files,Phase 0 authoring; Phase 2E approved pack,F04|F05|F08|F09|F12,take_away,CUE-DEMO|ENV-01|LAYOUT-TAKE|M01|M03|M04|M05|MARK-EQUAL|MARK-MINUS|NUM-00|NUM-02|OBJ-APPLE|PIP-02|PIP-03|PIP-04|PROP-MAT-A|PROP-PLATE|REF-02|SFX-PICKUP|SFX-PLACE|SFX-SUCCESS|UI-CONTINUE|UI-DONE|UI-HELP|UI-HOME|UI-LISTEN|UI-REPLAY-STORY|UI-SESSION|UI-UNDO,See per-variant representation and accessibility contract,Quantity arithmetic / reference closure / no answer leak / silent goals / zero cases / option bounds,Pending: product/content/art or listening as applicable; record reviewer/date/decision; technical pass is not approval.,,new-required,content-record
TAKE-05,content-variant,take_away numeral-remainder,1,"See exact parameters, checkpoints, options, help and evidence in content catalog",1 record in shared content-catalog.json;no unique art files,Phase 0 authoring; Phase 2E approved pack,F04|F05|F08|F09|F12,take_away,CUE-DEMO|ENV-01|LAYOUT-TAKE|M01|M03|M04|M05|MARK-EQUAL|MARK-MINUS|NUM-00|NUM-03|NUM-04|NUM-05|OBJ-BERRY|PIP-02|PIP-03|PIP-04|PROP-MAT-A|PROP-PLATE|REF-00|SFX-PICKUP|SFX-PLACE|SFX-SUCCESS|UI-ANSWER|UI-CONTINUE|UI-DONE|UI-HELP|UI-HOME|UI-LISTEN|UI-REPLAY-STORY|UI-SESSION|UI-UNDO,See per-variant representation and accessibility contract,Quantity arithmetic / reference closure / no answer leak / silent goals / zero cases / option bounds,Pending: product/content/art or listening as applicable; record reviewer/date/decision; technical pass is not approval.,,new-required,content-record
TAKE-06,content-variant,take_away numeral-remainder,1,"See exact parameters, checkpoints, options, help and evidence in content catalog",1 record in shared content-catalog.json;no unique art files,Phase 0 authoring; Phase 2E approved pack,F04|F05|F08|F09|F12,take_away,CUE-DEMO|ENV-01|LAYOUT-TAKE|M01|M03|M04|M05|MARK-EQUAL|MARK-MINUS|NUM-00|NUM-01|NUM-02|OBJ-APPLE|PIP-02|PIP-03|PIP-04|PROP-MAT-A|PROP-PLATE|REF-01|SFX-PICKUP|SFX-PLACE|SFX-SUCCESS|UI-ANSWER|UI-CONTINUE|UI-DONE|UI-HELP|UI-HOME|UI-LISTEN|UI-REPLAY-STORY|UI-SESSION|UI-UNDO,See per-variant representation and accessibility contract,Quantity arithmetic / reference closure / no answer leak / silent goals / zero cases / option bounds,Pending: product/content/art or listening as applicable; record reviewer/date/decision; technical pass is not approval.,,new-required,content-record
TAKE-07,content-variant,take_away action-only,1,"See exact parameters, checkpoints, options, help and evidence in content catalog",1 record in shared content-catalog.json;no unique art files,Phase 0 authoring; Phase 2E approved pack,F04|F05|F08|F09|F12,take_away,CUE-DEMO|ENV-01|LAYOUT-TAKE|M01|M03|M04|M05|MARK-EQUAL|MARK-MINUS|NUM-02|NUM-03|NUM-05|OBJ-BERRY|PIP-02|PIP-03|PIP-04|PROP-MAT-A|PROP-PLATE|REF-03|SFX-PICKUP|SFX-PLACE|SFX-SUCCESS|UI-CONTINUE|UI-DONE|UI-HELP|UI-HOME|UI-LISTEN|UI-REPLAY-STORY|UI-SESSION|UI-UNDO,See per-variant representation and accessibility contract,Quantity arithmetic / reference closure / no answer leak / silent goals / zero cases / option bounds,Pending: product/content/art or listening as applicable; record reviewer/date/decision; technical pass is not approval.,,new-required,content-record
TAKE-08,content-variant,take_away numeral-remainder,1,"See exact parameters, checkpoints, options, help and evidence in content catalog",1 record in shared content-catalog.json;no unique art files,Phase 0 authoring; Phase 2E approved pack,F04|F05|F08|F09|F12,take_away,CUE-DEMO|ENV-01|LAYOUT-TAKE|M01|M03|M04|M05|MARK-EQUAL|MARK-MINUS|NUM-01|NUM-02|NUM-03|NUM-04|OBJ-APPLE|PIP-02|PIP-03|PIP-04|PROP-MAT-A|PROP-PLATE|REF-02|SFX-PICKUP|SFX-PLACE|SFX-SUCCESS|UI-ANSWER|UI-CONTINUE|UI-DONE|UI-HELP|UI-HOME|UI-LISTEN|UI-REPLAY-STORY|UI-SESSION|UI-UNDO,See per-variant representation and accessibility contract,Quantity arithmetic / reference closure / no answer leak / silent goals / zero cases / option bounds,Pending: product/content/art or listening as applicable; record reviewer/date/decision; technical pass is not approval.,,new-required,content-record
VO-WELCOME,voice-script,home,1,Exact draft transcript; one selected take per voice; unselected takes retained separately,1 WAV master + 1 selected AAC .m4a per unique script; exact request / provenance JSON,Phase 1 audition subset; Phase 2D remaining,F01|F09,shared:welcome,voice-audition;content-review,Exact text caption; silence works; narration is not required for pre-numeral goal,Decode/transcript check/clipping/number clarity/pace/actual-context listening,Pending: product/content/art or listening as applicable; record reviewer/date/decision; technical pass is not approval.,,new-required,audio
VO-RESUME,voice-script,resume,1,Exact draft transcript; one selected take per voice; unselected takes retained separately,1 WAV master + 1 selected AAC .m4a per unique script; exact request / provenance JSON,Phase 1 audition subset; Phase 2D remaining,F01|F11,shared:resume,voice-audition;content-review,Exact text caption; silence works; narration is not required for pre-numeral goal,Decode/transcript check/clipping/number clarity/pace/actual-context listening,Pending: product/content/art or listening as applicable; record reviewer/date/decision; technical pass is not approval.,,new-required,audio
VO-PAUSE,voice-script,pause,1,Exact draft transcript; one selected take per voice; unselected takes retained separately,1 WAV master + 1 selected AAC .m4a per unique script; exact request / provenance JSON,Phase 1 audition subset; Phase 2D remaining,F06|F09,shared:pause,voice-audition;content-review,Exact text caption; silence works; narration is not required for pre-numeral goal,Decode/transcript check/clipping/number clarity/pace/actual-context listening,Pending: product/content/art or listening as applicable; record reviewer/date/decision; technical pass is not approval.,,new-required,audio
VO-LEAVE-SAVED,voice-script,unfinished-exit,1,Exact draft transcript; one selected take per voice; unselected takes retained separately,1 WAV master + 1 selected AAC .m4a per unique script; exact request / provenance JSON,Phase 1 audition subset; Phase 2D remaining,F06|F11,shared:leave_saved,voice-audition;content-review,Exact text caption; silence works; narration is not required for pre-numeral goal,Decode/transcript check/clipping/number clarity/pace/actual-context listening,Pending: product/content/art or listening as applicable; record reviewer/date/decision; technical pass is not approval.,,new-required,audio
VO-BYE,voice-script,goodbye,1,Exact draft transcript; one selected take per voice; unselected takes retained separately,1 WAV master + 1 selected AAC .m4a per unique script; exact request / provenance JSON,Phase 1 audition subset; Phase 2D remaining,F01|F07,shared:goodbye,voice-audition;content-review,Exact text caption; silence works; narration is not required for pre-numeral goal,Decode/transcript check/clipping/number clarity/pace/actual-context listening,Pending: product/content/art or listening as applicable; record reviewer/date/decision; technical pass is not approval.,,new-required,audio
VO-SESSION-DONE,voice-script,session-end,1,Exact draft transcript; one selected take per voice; unselected takes retained separately,1 WAV master + 1 selected AAC .m4a per unique script; exact request / provenance JSON,Phase 1 audition subset; Phase 2D remaining,F06|F07,shared:session_done,voice-audition;content-review,Exact text caption; silence works; narration is not required for pre-numeral goal,Decode/transcript check/clipping/number clarity/pace/actual-context listening,Pending: product/content/art or listening as applicable; record reviewer/date/decision; technical pass is not approval.,,new-required,audio
VO-COUNT-TOO-FEW,voice-script,retry,1,Exact draft transcript; one selected take per voice; unselected takes retained separately,1 WAV master + 1 selected AAC .m4a per unique script; exact request / provenance JSON,Phase 1 audition subset; Phase 2D remaining,F02|F05,CNT-01|CNT-02|CNT-03|CNT-04|CNT-05|CNT-06|CNT-07|CNT-08,voice-audition;content-review,Exact text caption; silence works; narration is not required for pre-numeral goal,Decode/transcript check/clipping/number clarity/pace/actual-context listening,Pending: product/content/art or listening as applicable; record reviewer/date/decision; technical pass is not approval.,,new-required,audio
VO-COUNT-TOO-MANY,voice-script,retry,1,Exact draft transcript; one selected take per voice; unselected takes retained separately,1 WAV master + 1 selected AAC .m4a per unique script; exact request / provenance JSON,Phase 1 audition subset; Phase 2D remaining,F02|F05,CNT-01|CNT-02|CNT-03|CNT-04|CNT-05|CNT-06|CNT-07|CNT-08,voice-audition;content-review,Exact text caption; silence works; narration is not required for pre-numeral goal,Decode/transcript check/clipping/number clarity/pace/actual-context listening,Pending: product/content/art or listening as applicable; record reviewer/date/decision; technical pass is not approval.,,new-required,audio
VO-COUNT-FOCUS,voice-script,help-focus,1,Exact draft transcript; one selected take per voice; unselected takes retained separately,1 WAV master + 1 selected AAC .m4a per unique script; exact request / provenance JSON,Phase 1 audition subset; Phase 2D remaining,F02|F05,CNT-01|CNT-02|CNT-03|CNT-04|CNT-05|CNT-06|CNT-07|CNT-08,voice-audition;content-review,Exact text caption; silence works; narration is not required for pre-numeral goal,Decode/transcript check/clipping/number clarity/pace/actual-context listening,Pending: product/content/art or listening as applicable; record reviewer/date/decision; technical pass is not approval.,,new-required,audio
VO-COUNT-MODEL,voice-script,help-model,1,Exact draft transcript; one selected take per voice; unselected takes retained separately,1 WAV master + 1 selected AAC .m4a per unique script; exact request / provenance JSON,Phase 1 audition subset; Phase 2D remaining,F02|F05,CNT-01|CNT-02|CNT-03|CNT-04|CNT-05|CNT-07|CNT-08,voice-audition;content-review,Exact text caption; silence works; narration is not required for pre-numeral goal,Decode/transcript check/clipping/number clarity/pace/actual-context listening,Pending: product/content/art or listening as applicable; record reviewer/date/decision; technical pass is not approval.,,new-required,audio
VO-COUNT-ZERO-HELP,voice-script,help-zero,1,Exact draft transcript; one selected take per voice; unselected takes retained separately,1 WAV master + 1 selected AAC .m4a per unique script; exact request / provenance JSON,Phase 1 audition subset; Phase 2D remaining,F02|F05,CNT-06,voice-audition;content-review,Exact text caption; silence works; narration is not required for pre-numeral goal,Decode/transcript check/clipping/number clarity/pace/actual-context listening,Pending: product/content/art or listening as applicable; record reviewer/date/decision; technical pass is not approval.,,new-required,audio
VO-RETURN-UNDO,voice-script,interaction-help,1,Exact draft transcript; one selected take per voice; unselected takes retained separately,1 WAV master + 1 selected AAC .m4a per unique script; exact request / provenance JSON,Phase 1 audition subset; Phase 2D remaining,F02|F03|F04|F05,CNT-01|CNT-02|CNT-03|CNT-04|CNT-05|CNT-06|CNT-07|CNT-08|JOIN-01|JOIN-02|JOIN-03|JOIN-04|JOIN-05|JOIN-06|JOIN-07|JOIN-08|TAKE-01|TAKE-02|TAKE-03|TAKE-04|TAKE-05|TAKE-06|TAKE-07|TAKE-08,voice-audition;content-review,Exact text caption; silence works; narration is not required for pre-numeral goal,Decode/transcript check/clipping/number clarity/pace/actual-context listening,Pending: product/content/art or listening as applicable; record reviewer/date/decision; technical pass is not approval.,,new-required,audio
VO-SUCCESS,voice-script,round-success,1,Exact draft transcript; one selected take per voice; unselected takes retained separately,1 WAV master + 1 selected AAC .m4a per unique script; exact request / provenance JSON,Phase 1 audition subset; Phase 2D remaining,F05|F08,CNT-01|CNT-02|CNT-03|CNT-04|CNT-05|CNT-06|CNT-07|CNT-08|JOIN-01|JOIN-02|JOIN-03|JOIN-04|JOIN-05|JOIN-06|JOIN-07|JOIN-08|TAKE-01|TAKE-02|TAKE-03|TAKE-04|TAKE-05|TAKE-06|TAKE-07|TAKE-08,voice-audition;content-review,Exact text caption; silence works; narration is not required for pre-numeral goal,Decode/transcript check/clipping/number clarity/pace/actual-context listening,Pending: product/content/art or listening as applicable; record reviewer/date/decision; technical pass is not approval.,,new-required,audio
VO-JOIN-ACTION,voice-script,joining-action,1,Exact draft transcript; one selected take per voice; unselected takes retained separately,1 WAV master + 1 selected AAC .m4a per unique script; exact request / provenance JSON,Phase 1 audition subset; Phase 2D remaining,F03,JOIN-01|JOIN-02|JOIN-03|JOIN-04|JOIN-05|JOIN-06|JOIN-07|JOIN-08,voice-audition;content-review,Exact text caption; silence works; narration is not required for pre-numeral goal,Decode/transcript check/clipping/number clarity/pace/actual-context listening,Pending: product/content/art or listening as applicable; record reviewer/date/decision; technical pass is not approval.,,new-required,audio
VO-JOIN-TOTAL,voice-script,joining-question,1,Exact draft transcript; one selected take per voice; unselected takes retained separately,1 WAV master + 1 selected AAC .m4a per unique script; exact request / provenance JSON,Phase 1 audition subset; Phase 2D remaining,F03,JOIN-03|JOIN-04|JOIN-05|JOIN-07,voice-audition;content-review,Exact text caption; silence works; narration is not required for pre-numeral goal,Decode/transcript check/clipping/number clarity/pace/actual-context listening,Pending: product/content/art or listening as applicable; record reviewer/date/decision; technical pass is not approval.,,new-required,audio
VO-JOIN-INCOMPLETE,voice-script,joining-retry,1,Exact draft transcript; one selected take per voice; unselected takes retained separately,1 WAV master + 1 selected AAC .m4a per unique script; exact request / provenance JSON,Phase 1 audition subset; Phase 2D remaining,F03|F05,JOIN-01|JOIN-02|JOIN-03|JOIN-04|JOIN-05|JOIN-06|JOIN-07|JOIN-08,voice-audition;content-review,Exact text caption; silence works; narration is not required for pre-numeral goal,Decode/transcript check/clipping/number clarity/pace/actual-context listening,Pending: product/content/art or listening as applicable; record reviewer/date/decision; technical pass is not approval.,,new-required,audio
VO-JOIN-RETRY,voice-script,joining-answer-retry,1,Exact draft transcript; one selected take per voice; unselected takes retained separately,1 WAV master + 1 selected AAC .m4a per unique script; exact request / provenance JSON,Phase 1 audition subset; Phase 2D remaining,F03|F05,JOIN-03|JOIN-04|JOIN-05|JOIN-07,voice-audition;content-review,Exact text caption; silence works; narration is not required for pre-numeral goal,Decode/transcript check/clipping/number clarity/pace/actual-context listening,Pending: product/content/art or listening as applicable; record reviewer/date/decision; technical pass is not approval.,,new-required,audio
VO-JOIN-FOCUS,voice-script,joining-help-focus,1,Exact draft transcript; one selected take per voice; unselected takes retained separately,1 WAV master + 1 selected AAC .m4a per unique script; exact request / provenance JSON,Phase 1 audition subset; Phase 2D remaining,F03|F05,JOIN-01|JOIN-02|JOIN-03|JOIN-04|JOIN-05|JOIN-08,voice-audition;content-review,Exact text caption; silence works; narration is not required for pre-numeral goal,Decode/transcript check/clipping/number clarity/pace/actual-context listening,Pending: product/content/art or listening as applicable; record reviewer/date/decision; technical pass is not approval.,,new-required,audio
VO-JOIN-MODEL,voice-script,joining-help-model,1,Exact draft transcript; one selected take per voice; unselected takes retained separately,1 WAV master + 1 selected AAC .m4a per unique script; exact request / provenance JSON,Phase 1 audition subset; Phase 2D remaining,F03|F05,JOIN-01|JOIN-02|JOIN-03|JOIN-04|JOIN-05|JOIN-06|JOIN-07|JOIN-08,voice-audition;content-review,Exact text caption; silence works; narration is not required for pre-numeral goal,Decode/transcript check/clipping/number clarity/pace/actual-context listening,Pending: product/content/art or listening as applicable; record reviewer/date/decision; technical pass is not approval.,,new-required,audio
VO-JOIN-ZERO-HELP,voice-script,joining-help-zero,1,Exact draft transcript; one selected take per voice; unselected takes retained separately,1 WAV master + 1 selected AAC .m4a per unique script; exact request / provenance JSON,Phase 1 audition subset; Phase 2D remaining,F03|F05,JOIN-06|JOIN-07,voice-audition;content-review,Exact text caption; silence works; narration is not required for pre-numeral goal,Decode/transcript check/clipping/number clarity/pace/actual-context listening,Pending: product/content/art or listening as applicable; record reviewer/date/decision; technical pass is not approval.,,new-required,audio
VO-SHARE-TOO-FEW,voice-script,transfer-retry,1,Exact draft transcript; one selected take per voice; unselected takes retained separately,1 WAV master + 1 selected AAC .m4a per unique script; exact request / provenance JSON,Phase 1 audition subset; Phase 2D remaining,F04|F05,TAKE-01|TAKE-02|TAKE-03|TAKE-04|TAKE-05|TAKE-06|TAKE-07|TAKE-08,voice-audition;content-review,Exact text caption; silence works; narration is not required for pre-numeral goal,Decode/transcript check/clipping/number clarity/pace/actual-context listening,Pending: product/content/art or listening as applicable; record reviewer/date/decision; technical pass is not approval.,,new-required,audio
VO-SHARE-TOO-MANY,voice-script,transfer-retry,1,Exact draft transcript; one selected take per voice; unselected takes retained separately,1 WAV master + 1 selected AAC .m4a per unique script; exact request / provenance JSON,Phase 1 audition subset; Phase 2D remaining,F04|F05,TAKE-01|TAKE-02|TAKE-03|TAKE-04|TAKE-05|TAKE-06|TAKE-07|TAKE-08,voice-audition;content-review,Exact text caption; silence works; narration is not required for pre-numeral goal,Decode/transcript check/clipping/number clarity/pace/actual-context listening,Pending: product/content/art or listening as applicable; record reviewer/date/decision; technical pass is not approval.,,new-required,audio
VO-SHARE-REMAINING,voice-script,remaining-question,1,Exact draft transcript; one selected take per voice; unselected takes retained separately,1 WAV master + 1 selected AAC .m4a per unique script; exact request / provenance JSON,Phase 1 audition subset; Phase 2D remaining,F04,TAKE-01|TAKE-03|TAKE-05|TAKE-06|TAKE-08,voice-audition;content-review,Exact text caption; silence works; narration is not required for pre-numeral goal,Decode/transcript check/clipping/number clarity/pace/actual-context listening,Pending: product/content/art or listening as applicable; record reviewer/date/decision; technical pass is not approval.,,new-required,audio
VO-SHARE-RETRY,voice-script,remaining-answer-retry,1,Exact draft transcript; one selected take per voice; unselected takes retained separately,1 WAV master + 1 selected AAC .m4a per unique script; exact request / provenance JSON,Phase 1 audition subset; Phase 2D remaining,F04|F05,TAKE-01|TAKE-03|TAKE-05|TAKE-06|TAKE-08,voice-audition;content-review,Exact text caption; silence works; narration is not required for pre-numeral goal,Decode/transcript check/clipping/number clarity/pace/actual-context listening,Pending: product/content/art or listening as applicable; record reviewer/date/decision; technical pass is not approval.,,new-required,audio
VO-SHARE-FOCUS,voice-script,sharing-help-focus,1,Exact draft transcript; one selected take per voice; unselected takes retained separately,1 WAV master + 1 selected AAC .m4a per unique script; exact request / provenance JSON,Phase 1 audition subset; Phase 2D remaining,F04|F05,TAKE-01|TAKE-02|TAKE-03|TAKE-04|TAKE-06|TAKE-07|TAKE-08,voice-audition;content-review,Exact text caption; silence works; narration is not required for pre-numeral goal,Decode/transcript check/clipping/number clarity/pace/actual-context listening,Pending: product/content/art or listening as applicable; record reviewer/date/decision; technical pass is not approval.,,new-required,audio
VO-SHARE-MODEL,voice-script,sharing-help-model,1,Exact draft transcript; one selected take per voice; unselected takes retained separately,1 WAV master + 1 selected AAC .m4a per unique script; exact request / provenance JSON,Phase 1 audition subset; Phase 2D remaining,F04|F05,TAKE-01|TAKE-02|TAKE-03|TAKE-04|TAKE-06|TAKE-07|TAKE-08,voice-audition;content-review,Exact text caption; silence works; narration is not required for pre-numeral goal,Decode/transcript check/clipping/number clarity/pace/actual-context listening,Pending: product/content/art or listening as applicable; record reviewer/date/decision; technical pass is not approval.,,new-required,audio
VO-SHARE-ZERO-HELP,voice-script,sharing-help-zero,1,Exact draft transcript; one selected take per voice; unselected takes retained separately,1 WAV master + 1 selected AAC .m4a per unique script; exact request / provenance JSON,Phase 1 audition subset; Phase 2D remaining,F04|F05,TAKE-05,voice-audition;content-review,Exact text caption; silence works; narration is not required for pre-numeral goal,Decode/transcript check/clipping/number clarity/pace/actual-context listening,Pending: product/content/art or listening as applicable; record reviewer/date/decision; technical pass is not approval.,,new-required,audio
VO-REMAINING-ZERO-HELP,voice-script,remaining-help-zero,1,Exact draft transcript; one selected take per voice; unselected takes retained separately,1 WAV master + 1 selected AAC .m4a per unique script; exact request / provenance JSON,Phase 1 audition subset; Phase 2D remaining,F04|F05,TAKE-06,voice-audition;content-review,Exact text caption; silence works; narration is not required for pre-numeral goal,Decode/transcript check/clipping/number clarity/pace/actual-context listening,Pending: product/content/art or listening as applicable; record reviewer/date/decision; technical pass is not approval.,,new-required,audio
VO-GARDEN-FIRST,voice-script,garden-first-visit,1,Exact draft transcript; one selected take per voice; unselected takes retained separately,1 WAV master + 1 selected AAC .m4a per unique script; exact request / provenance JSON,Phase 1 audition subset; Phase 2D remaining,F07,shared:garden_first,voice-audition;content-review,Exact text caption; silence works; narration is not required for pre-numeral goal,Decode/transcript check/clipping/number clarity/pace/actual-context listening,Pending: product/content/art or listening as applicable; record reviewer/date/decision; technical pass is not approval.,,new-required,audio
VO-GARDEN-PLACE,voice-script,reward-placement,1,Exact draft transcript; one selected take per voice; unselected takes retained separately,1 WAV master + 1 selected AAC .m4a per unique script; exact request / provenance JSON,Phase 1 audition subset; Phase 2D remaining,F07,shared:garden_place,voice-audition;content-review,Exact text caption; silence works; narration is not required for pre-numeral goal,Decode/transcript check/clipping/number clarity/pace/actual-context listening,Pending: product/content/art or listening as applicable; record reviewer/date/decision; technical pass is not approval.,,new-required,audio
VO-GARDEN-EXISTING,voice-script,garden-revisit,1,Exact draft transcript; one selected take per voice; unselected takes retained separately,1 WAV master + 1 selected AAC .m4a per unique script; exact request / provenance JSON,Phase 1 audition subset; Phase 2D remaining,F07,shared:garden_existing,voice-audition;content-review,Exact text caption; silence works; narration is not required for pre-numeral goal,Decode/transcript check/clipping/number clarity/pace/actual-context listening,Pending: product/content/art or listening as applicable; record reviewer/date/decision; technical pass is not approval.,,new-required,audio
VO-PINWHEEL-PLAY,voice-script,toy-instruction,1,Exact draft transcript; one selected take per voice; unselected takes retained separately,1 WAV master + 1 selected AAC .m4a per unique script; exact request / provenance JSON,Phase 1 audition subset; Phase 2D remaining,F07,shared:pinwheel_play,voice-audition;content-review,Exact text caption; silence works; narration is not required for pre-numeral goal,Decode/transcript check/clipping/number clarity/pace/actual-context listening,Pending: product/content/art or listening as applicable; record reviewer/date/decision; technical pass is not approval.,,new-required,audio
VO-FLOWER-PLAY,voice-script,toy-instruction,1,Exact draft transcript; one selected take per voice; unselected takes retained separately,1 WAV master + 1 selected AAC .m4a per unique script; exact request / provenance JSON,Phase 1 audition subset; Phase 2D remaining,F07,shared:flower_play,voice-audition;content-review,Exact text caption; silence works; narration is not required for pre-numeral goal,Decode/transcript check/clipping/number clarity/pace/actual-context listening,Pending: product/content/art or listening as applicable; record reviewer/date/decision; technical pass is not approval.,,new-required,audio
VO-COLLECTION-PREVIEW,voice-script,finite-collection-preview,1,Exact draft transcript; one selected take per voice; unselected takes retained separately,1 WAV master + 1 selected AAC .m4a per unique script; exact request / provenance JSON,Phase 1 audition subset; Phase 2D remaining,F07,shared:collection_preview,voice-audition;content-review,Exact text caption; silence works; narration is not required for pre-numeral goal,Decode/transcript check/clipping/number clarity/pace/actual-context listening,Pending: product/content/art or listening as applicable; record reviewer/date/decision; technical pass is not approval.,,new-required,audio
VO-COLLECTION-COMPLETE,voice-script,finite-collection-complete,1,Exact draft transcript; one selected take per voice; unselected takes retained separately,1 WAV master + 1 selected AAC .m4a per unique script; exact request / provenance JSON,Phase 1 audition subset; Phase 2D remaining,F07,shared:collection_complete,voice-audition;content-review,Exact text caption; silence works; narration is not required for pre-numeral goal,Decode/transcript check/clipping/number clarity/pace/actual-context listening,Pending: product/content/art or listening as applicable; record reviewer/date/decision; technical pass is not approval.,,new-required,audio
VO-NUMBER-00,voice-script,optional-spoken-current-count,1,Exact draft transcript; one selected take per voice; unselected takes retained separately,1 WAV master + 1 selected AAC .m4a per unique script; exact request / provenance JSON,Phase 1 audition subset; Phase 2D remaining,F02|F03|F04|F09,CNT-01|CNT-02|CNT-03|CNT-04|CNT-05|CNT-06|CNT-07|CNT-08|JOIN-01|JOIN-02|JOIN-03|JOIN-04|JOIN-05|JOIN-06|JOIN-07|JOIN-08|TAKE-01|TAKE-02|TAKE-03|TAKE-04|TAKE-05|TAKE-06|TAKE-07|TAKE-08,voice-audition;content-review,Exact text caption; silence works; narration is not required for pre-numeral goal,Decode/transcript check/clipping/number clarity/pace/actual-context listening,Pending: product/content/art or listening as applicable; record reviewer/date/decision; technical pass is not approval.,,new-required,audio
VO-NUMBER-01,voice-script,optional-spoken-current-count,1,Exact draft transcript; one selected take per voice; unselected takes retained separately,1 WAV master + 1 selected AAC .m4a per unique script; exact request / provenance JSON,Phase 1 audition subset; Phase 2D remaining,F02|F03|F04|F09,CNT-01|CNT-02|CNT-03|CNT-04|CNT-05|CNT-06|CNT-07|CNT-08|JOIN-01|JOIN-02|JOIN-03|JOIN-04|JOIN-05|JOIN-06|JOIN-07|JOIN-08|TAKE-01|TAKE-02|TAKE-03|TAKE-04|TAKE-05|TAKE-06|TAKE-07|TAKE-08,voice-audition;content-review,Exact text caption; silence works; narration is not required for pre-numeral goal,Decode/transcript check/clipping/number clarity/pace/actual-context listening,Pending: product/content/art or listening as applicable; record reviewer/date/decision; technical pass is not approval.,MathBuddy/Resources/Audio/number-1.wav,existing-role-candidate-unapproved,audio
VO-NUMBER-02,voice-script,optional-spoken-current-count,1,Exact draft transcript; one selected take per voice; unselected takes retained separately,1 WAV master + 1 selected AAC .m4a per unique script; exact request / provenance JSON,Phase 1 audition subset; Phase 2D remaining,F02|F03|F04|F09,CNT-01|CNT-02|CNT-03|CNT-04|CNT-05|CNT-06|CNT-07|CNT-08|JOIN-01|JOIN-02|JOIN-03|JOIN-04|JOIN-05|JOIN-06|JOIN-07|JOIN-08|TAKE-01|TAKE-02|TAKE-03|TAKE-04|TAKE-05|TAKE-06|TAKE-07|TAKE-08,voice-audition;content-review,Exact text caption; silence works; narration is not required for pre-numeral goal,Decode/transcript check/clipping/number clarity/pace/actual-context listening,Pending: product/content/art or listening as applicable; record reviewer/date/decision; technical pass is not approval.,MathBuddy/Resources/Audio/number-2.wav,existing-role-candidate-unapproved,audio
VO-NUMBER-03,voice-script,optional-spoken-current-count,1,Exact draft transcript; one selected take per voice; unselected takes retained separately,1 WAV master + 1 selected AAC .m4a per unique script; exact request / provenance JSON,Phase 1 audition subset; Phase 2D remaining,F02|F03|F04|F09,CNT-01|CNT-02|CNT-03|CNT-04|CNT-05|CNT-06|CNT-07|CNT-08|JOIN-01|JOIN-02|JOIN-03|JOIN-04|JOIN-05|JOIN-06|JOIN-07|JOIN-08|TAKE-01|TAKE-02|TAKE-03|TAKE-04|TAKE-05|TAKE-06|TAKE-07|TAKE-08,voice-audition;content-review,Exact text caption; silence works; narration is not required for pre-numeral goal,Decode/transcript check/clipping/number clarity/pace/actual-context listening,Pending: product/content/art or listening as applicable; record reviewer/date/decision; technical pass is not approval.,MathBuddy/Resources/Audio/number-3.wav,existing-role-candidate-unapproved,audio
VO-NUMBER-04,voice-script,optional-spoken-current-count,1,Exact draft transcript; one selected take per voice; unselected takes retained separately,1 WAV master + 1 selected AAC .m4a per unique script; exact request / provenance JSON,Phase 1 audition subset; Phase 2D remaining,F02|F03|F04|F09,CNT-01|CNT-02|CNT-03|CNT-04|CNT-05|CNT-06|CNT-07|CNT-08|JOIN-01|JOIN-02|JOIN-03|JOIN-04|JOIN-05|JOIN-06|JOIN-07|JOIN-08|TAKE-01|TAKE-02|TAKE-03|TAKE-04|TAKE-05|TAKE-06|TAKE-07|TAKE-08,voice-audition;content-review,Exact text caption; silence works; narration is not required for pre-numeral goal,Decode/transcript check/clipping/number clarity/pace/actual-context listening,Pending: product/content/art or listening as applicable; record reviewer/date/decision; technical pass is not approval.,MathBuddy/Resources/Audio/number-4.wav,existing-role-candidate-unapproved,audio
VO-NUMBER-05,voice-script,optional-spoken-current-count,1,Exact draft transcript; one selected take per voice; unselected takes retained separately,1 WAV master + 1 selected AAC .m4a per unique script; exact request / provenance JSON,Phase 1 audition subset; Phase 2D remaining,F02|F03|F04|F09,CNT-01|CNT-02|CNT-03|CNT-04|CNT-05|CNT-06|CNT-07|CNT-08|JOIN-01|JOIN-02|JOIN-03|JOIN-04|JOIN-05|JOIN-06|JOIN-07|JOIN-08|TAKE-01|TAKE-02|TAKE-03|TAKE-04|TAKE-05|TAKE-06|TAKE-07|TAKE-08,voice-audition;content-review,Exact text caption; silence works; narration is not required for pre-numeral goal,Decode/transcript check/clipping/number clarity/pace/actual-context listening,Pending: product/content/art or listening as applicable; record reviewer/date/decision; technical pass is not approval.,MathBuddy/Resources/Audio/number-5.wav,existing-role-candidate-unapproved,audio
VO-NUMBER-06,voice-script,optional-spoken-current-count,1,Exact draft transcript; one selected take per voice; unselected takes retained separately,1 WAV master + 1 selected AAC .m4a per unique script; exact request / provenance JSON,Phase 1 audition subset; Phase 2D remaining,F02|F03|F04|F09,CNT-01|CNT-02|CNT-03|CNT-04|CNT-05|CNT-06|CNT-07|CNT-08|JOIN-01|JOIN-02|JOIN-03|JOIN-04|JOIN-05|JOIN-06|JOIN-07|JOIN-08|TAKE-01|TAKE-02|TAKE-03|TAKE-04|TAKE-05|TAKE-06|TAKE-07|TAKE-08,voice-audition;content-review,Exact text caption; silence works; narration is not required for pre-numeral goal,Decode/transcript check/clipping/number clarity/pace/actual-context listening,Pending: product/content/art or listening as applicable; record reviewer/date/decision; technical pass is not approval.,MathBuddy/Resources/Audio/number-6.wav,existing-role-candidate-unapproved,audio
VO-PREVIEW-REWARD-PINWHEEL,voice-script,next-earned-item-preview,1,Exact draft transcript; one selected take per voice; unselected takes retained separately,1 WAV master + 1 selected AAC .m4a per unique script; exact request / provenance JSON,Phase 1 audition subset; Phase 2D remaining,F07,REWARD-PINWHEEL,voice-audition;content-review,Exact text caption; silence works; narration is not required for pre-numeral goal,Decode/transcript check/clipping/number clarity/pace/actual-context listening,Pending: product/content/art or listening as applicable; record reviewer/date/decision; technical pass is not approval.,,new-required,audio
VO-EARN-REWARD-PINWHEEL,voice-script,earned-item,1,Exact draft transcript; one selected take per voice; unselected takes retained separately,1 WAV master + 1 selected AAC .m4a per unique script; exact request / provenance JSON,Phase 1 audition subset; Phase 2D remaining,F07,REWARD-PINWHEEL,voice-audition;content-review,Exact text caption; silence works; narration is not required for pre-numeral goal,Decode/transcript check/clipping/number clarity/pace/actual-context listening,Pending: product/content/art or listening as applicable; record reviewer/date/decision; technical pass is not approval.,,new-required,audio
VO-PREVIEW-DECOR-01,voice-script,next-earned-item-preview,1,Exact draft transcript; one selected take per voice; unselected takes retained separately,1 WAV master + 1 selected AAC .m4a per unique script; exact request / provenance JSON,Phase 1 audition subset; Phase 2D remaining,F07,DECOR-01,voice-audition;content-review,Exact text caption; silence works; narration is not required for pre-numeral goal,Decode/transcript check/clipping/number clarity/pace/actual-context listening,Pending: product/content/art or listening as applicable; record reviewer/date/decision; technical pass is not approval.,,new-required,audio
VO-EARN-DECOR-01,voice-script,earned-item,1,Exact draft transcript; one selected take per voice; unselected takes retained separately,1 WAV master + 1 selected AAC .m4a per unique script; exact request / provenance JSON,Phase 1 audition subset; Phase 2D remaining,F07,DECOR-01,voice-audition;content-review,Exact text caption; silence works; narration is not required for pre-numeral goal,Decode/transcript check/clipping/number clarity/pace/actual-context listening,Pending: product/content/art or listening as applicable; record reviewer/date/decision; technical pass is not approval.,,new-required,audio
VO-PREVIEW-DECOR-02,voice-script,next-earned-item-preview,1,Exact draft transcript; one selected take per voice; unselected takes retained separately,1 WAV master + 1 selected AAC .m4a per unique script; exact request / provenance JSON,Phase 1 audition subset; Phase 2D remaining,F07,DECOR-02,voice-audition;content-review,Exact text caption; silence works; narration is not required for pre-numeral goal,Decode/transcript check/clipping/number clarity/pace/actual-context listening,Pending: product/content/art or listening as applicable; record reviewer/date/decision; technical pass is not approval.,,new-required,audio
VO-EARN-DECOR-02,voice-script,earned-item,1,Exact draft transcript; one selected take per voice; unselected takes retained separately,1 WAV master + 1 selected AAC .m4a per unique script; exact request / provenance JSON,Phase 1 audition subset; Phase 2D remaining,F07,DECOR-02,voice-audition;content-review,Exact text caption; silence works; narration is not required for pre-numeral goal,Decode/transcript check/clipping/number clarity/pace/actual-context listening,Pending: product/content/art or listening as applicable; record reviewer/date/decision; technical pass is not approval.,,new-required,audio
VO-PREVIEW-DECOR-03,voice-script,next-earned-item-preview,1,Exact draft transcript; one selected take per voice; unselected takes retained separately,1 WAV master + 1 selected AAC .m4a per unique script; exact request / provenance JSON,Phase 1 audition subset; Phase 2D remaining,F07,DECOR-03,voice-audition;content-review,Exact text caption; silence works; narration is not required for pre-numeral goal,Decode/transcript check/clipping/number clarity/pace/actual-context listening,Pending: product/content/art or listening as applicable; record reviewer/date/decision; technical pass is not approval.,,new-required,audio
VO-EARN-DECOR-03,voice-script,earned-item,1,Exact draft transcript; one selected take per voice; unselected takes retained separately,1 WAV master + 1 selected AAC .m4a per unique script; exact request / provenance JSON,Phase 1 audition subset; Phase 2D remaining,F07,DECOR-03,voice-audition;content-review,Exact text caption; silence works; narration is not required for pre-numeral goal,Decode/transcript check/clipping/number clarity/pace/actual-context listening,Pending: product/content/art or listening as applicable; record reviewer/date/decision; technical pass is not approval.,,new-required,audio
VO-PREVIEW-DECOR-04,voice-script,next-earned-item-preview,1,Exact draft transcript; one selected take per voice; unselected takes retained separately,1 WAV master + 1 selected AAC .m4a per unique script; exact request / provenance JSON,Phase 1 audition subset; Phase 2D remaining,F07,DECOR-04,voice-audition;content-review,Exact text caption; silence works; narration is not required for pre-numeral goal,Decode/transcript check/clipping/number clarity/pace/actual-context listening,Pending: product/content/art or listening as applicable; record reviewer/date/decision; technical pass is not approval.,,new-required,audio
VO-EARN-DECOR-04,voice-script,earned-item,1,Exact draft transcript; one selected take per voice; unselected takes retained separately,1 WAV master + 1 selected AAC .m4a per unique script; exact request / provenance JSON,Phase 1 audition subset; Phase 2D remaining,F07,DECOR-04,voice-audition;content-review,Exact text caption; silence works; narration is not required for pre-numeral goal,Decode/transcript check/clipping/number clarity/pace/actual-context listening,Pending: product/content/art or listening as applicable; record reviewer/date/decision; technical pass is not approval.,,new-required,audio
VO-PREVIEW-DECOR-05,voice-script,next-earned-item-preview,1,Exact draft transcript; one selected take per voice; unselected takes retained separately,1 WAV master + 1 selected AAC .m4a per unique script; exact request / provenance JSON,Phase 1 audition subset; Phase 2D remaining,F07,DECOR-05,voice-audition;content-review,Exact text caption; silence works; narration is not required for pre-numeral goal,Decode/transcript check/clipping/number clarity/pace/actual-context listening,Pending: product/content/art or listening as applicable; record reviewer/date/decision; technical pass is not approval.,,new-required,audio
VO-EARN-DECOR-05,voice-script,earned-item,1,Exact draft transcript; one selected take per voice; unselected takes retained separately,1 WAV master + 1 selected AAC .m4a per unique script; exact request / provenance JSON,Phase 1 audition subset; Phase 2D remaining,F07,DECOR-05,voice-audition;content-review,Exact text caption; silence works; narration is not required for pre-numeral goal,Decode/transcript check/clipping/number clarity/pace/actual-context listening,Pending: product/content/art or listening as applicable; record reviewer/date/decision; technical pass is not approval.,,new-required,audio
VO-COUNT-BERRY-03,voice-script,count-instruction,1,Exact draft transcript; one selected take per voice; unselected takes retained separately,1 WAV master + 1 selected AAC .m4a per unique script; exact request / provenance JSON,Phase 1 audition subset; Phase 2D remaining,F02,CNT-01|CNT-07,voice-audition;content-review,Exact text caption; silence works; narration is not required for pre-numeral goal,Decode/transcript check/clipping/number clarity/pace/actual-context listening,Pending: product/content/art or listening as applicable; record reviewer/date/decision; technical pass is not approval.,,new-required,audio
VO-COUNT-BERRY-03-RESULT,voice-script,count-result,1,Exact draft transcript; one selected take per voice; unselected takes retained separately,1 WAV master + 1 selected AAC .m4a per unique script; exact request / provenance JSON,Phase 1 audition subset; Phase 2D remaining,F02,CNT-01|CNT-07,voice-audition;content-review,Exact text caption; silence works; narration is not required for pre-numeral goal,Decode/transcript check/clipping/number clarity/pace/actual-context listening,Pending: product/content/art or listening as applicable; record reviewer/date/decision; technical pass is not approval.,,new-required,audio
VO-COUNT-BERRY-05,voice-script,count-instruction,1,Exact draft transcript; one selected take per voice; unselected takes retained separately,1 WAV master + 1 selected AAC .m4a per unique script; exact request / provenance JSON,Phase 1 audition subset; Phase 2D remaining,F02,CNT-02,voice-audition;content-review,Exact text caption; silence works; narration is not required for pre-numeral goal,Decode/transcript check/clipping/number clarity/pace/actual-context listening,Pending: product/content/art or listening as applicable; record reviewer/date/decision; technical pass is not approval.,,new-required,audio
VO-COUNT-BERRY-05-RESULT,voice-script,count-result,1,Exact draft transcript; one selected take per voice; unselected takes retained separately,1 WAV master + 1 selected AAC .m4a per unique script; exact request / provenance JSON,Phase 1 audition subset; Phase 2D remaining,F02,CNT-02,voice-audition;content-review,Exact text caption; silence works; narration is not required for pre-numeral goal,Decode/transcript check/clipping/number clarity/pace/actual-context listening,Pending: product/content/art or listening as applicable; record reviewer/date/decision; technical pass is not approval.,,new-required,audio
VO-COUNT-APPLE-01,voice-script,count-instruction,1,Exact draft transcript; one selected take per voice; unselected takes retained separately,1 WAV master + 1 selected AAC .m4a per unique script; exact request / provenance JSON,Phase 1 audition subset; Phase 2D remaining,F02,CNT-03,voice-audition;content-review,Exact text caption; silence works; narration is not required for pre-numeral goal,Decode/transcript check/clipping/number clarity/pace/actual-context listening,Pending: product/content/art or listening as applicable; record reviewer/date/decision; technical pass is not approval.,,new-required,audio
VO-COUNT-APPLE-01-RESULT,voice-script,count-result,1,Exact draft transcript; one selected take per voice; unselected takes retained separately,1 WAV master + 1 selected AAC .m4a per unique script; exact request / provenance JSON,Phase 1 audition subset; Phase 2D remaining,F02,CNT-03,voice-audition;content-review,Exact text caption; silence works; narration is not required for pre-numeral goal,Decode/transcript check/clipping/number clarity/pace/actual-context listening,Pending: product/content/art or listening as applicable; record reviewer/date/decision; technical pass is not approval.,,new-required,audio
VO-COUNT-APPLE-02,voice-script,count-instruction,1,Exact draft transcript; one selected take per voice; unselected takes retained separately,1 WAV master + 1 selected AAC .m4a per unique script; exact request / provenance JSON,Phase 1 audition subset; Phase 2D remaining,F02,CNT-04,voice-audition;content-review,Exact text caption; silence works; narration is not required for pre-numeral goal,Decode/transcript check/clipping/number clarity/pace/actual-context listening,Pending: product/content/art or listening as applicable; record reviewer/date/decision; technical pass is not approval.,,new-required,audio
VO-COUNT-APPLE-02-RESULT,voice-script,count-result,1,Exact draft transcript; one selected take per voice; unselected takes retained separately,1 WAV master + 1 selected AAC .m4a per unique script; exact request / provenance JSON,Phase 1 audition subset; Phase 2D remaining,F02,CNT-04,voice-audition;content-review,Exact text caption; silence works; narration is not required for pre-numeral goal,Decode/transcript check/clipping/number clarity/pace/actual-context listening,Pending: product/content/art or listening as applicable; record reviewer/date/decision; technical pass is not approval.,,new-required,audio
VO-COUNT-BERRY-04,voice-script,count-instruction,1,Exact draft transcript; one selected take per voice; unselected takes retained separately,1 WAV master + 1 selected AAC .m4a per unique script; exact request / provenance JSON,Phase 1 audition subset; Phase 2D remaining,F02,CNT-05,voice-audition;content-review,Exact text caption; silence works; narration is not required for pre-numeral goal,Decode/transcript check/clipping/number clarity/pace/actual-context listening,Pending: product/content/art or listening as applicable; record reviewer/date/decision; technical pass is not approval.,,new-required,audio
VO-COUNT-BERRY-04-RESULT,voice-script,count-result,1,Exact draft transcript; one selected take per voice; unselected takes retained separately,1 WAV master + 1 selected AAC .m4a per unique script; exact request / provenance JSON,Phase 1 audition subset; Phase 2D remaining,F02,CNT-05,voice-audition;content-review,Exact text caption; silence works; narration is not required for pre-numeral goal,Decode/transcript check/clipping/number clarity/pace/actual-context listening,Pending: product/content/art or listening as applicable; record reviewer/date/decision; technical pass is not approval.,,new-required,audio
VO-COUNT-APPLE-00,voice-script,count-instruction,1,Exact draft transcript; one selected take per voice; unselected takes retained separately,1 WAV master + 1 selected AAC .m4a per unique script; exact request / provenance JSON,Phase 1 audition subset; Phase 2D remaining,F02,CNT-06,voice-audition;content-review,Exact text caption; silence works; narration is not required for pre-numeral goal,Decode/transcript check/clipping/number clarity/pace/actual-context listening,Pending: product/content/art or listening as applicable; record reviewer/date/decision; technical pass is not approval.,,new-required,audio
VO-COUNT-APPLE-00-RESULT,voice-script,count-result,1,Exact draft transcript; one selected take per voice; unselected takes retained separately,1 WAV master + 1 selected AAC .m4a per unique script; exact request / provenance JSON,Phase 1 audition subset; Phase 2D remaining,F02,CNT-06,voice-audition;content-review,Exact text caption; silence works; narration is not required for pre-numeral goal,Decode/transcript check/clipping/number clarity/pace/actual-context listening,Pending: product/content/art or listening as applicable; record reviewer/date/decision; technical pass is not approval.,,new-required,audio
VO-COUNT-APPLE-05,voice-script,count-instruction,1,Exact draft transcript; one selected take per voice; unselected takes retained separately,1 WAV master + 1 selected AAC .m4a per unique script; exact request / provenance JSON,Phase 1 audition subset; Phase 2D remaining,F02,CNT-08,voice-audition;content-review,Exact text caption; silence works; narration is not required for pre-numeral goal,Decode/transcript check/clipping/number clarity/pace/actual-context listening,Pending: product/content/art or listening as applicable; record reviewer/date/decision; technical pass is not approval.,,new-required,audio
VO-COUNT-APPLE-05-RESULT,voice-script,count-result,1,Exact draft transcript; one selected take per voice; unselected takes retained separately,1 WAV master + 1 selected AAC .m4a per unique script; exact request / provenance JSON,Phase 1 audition subset; Phase 2D remaining,F02,CNT-08,voice-audition;content-review,Exact text caption; silence works; narration is not required for pre-numeral goal,Decode/transcript check/clipping/number clarity/pace/actual-context listening,Pending: product/content/art or listening as applicable; record reviewer/date/decision; technical pass is not approval.,,new-required,audio
VO-JOIN-BERRY-2-1-INTRO,voice-script,join-instruction,1,Exact draft transcript; one selected take per voice; unselected takes retained separately,1 WAV master + 1 selected AAC .m4a per unique script; exact request / provenance JSON,Phase 1 audition subset; Phase 2D remaining,F03,JOIN-01,voice-audition;content-review,Exact text caption; silence works; narration is not required for pre-numeral goal,Decode/transcript check/clipping/number clarity/pace/actual-context listening,Pending: product/content/art or listening as applicable; record reviewer/date/decision; technical pass is not approval.,,new-required,audio
VO-JOIN-BERRY-2-1-RESULT,voice-script,join-relationship,1,Exact draft transcript; one selected take per voice; unselected takes retained separately,1 WAV master + 1 selected AAC .m4a per unique script; exact request / provenance JSON,Phase 1 audition subset; Phase 2D remaining,F03,JOIN-01,voice-audition;content-review,Exact text caption; silence works; narration is not required for pre-numeral goal,Decode/transcript check/clipping/number clarity/pace/actual-context listening,Pending: product/content/art or listening as applicable; record reviewer/date/decision; technical pass is not approval.,,new-required,audio
VO-JOIN-APPLE-1-1-INTRO,voice-script,join-instruction,1,Exact draft transcript; one selected take per voice; unselected takes retained separately,1 WAV master + 1 selected AAC .m4a per unique script; exact request / provenance JSON,Phase 1 audition subset; Phase 2D remaining,F03,JOIN-02,voice-audition;content-review,Exact text caption; silence works; narration is not required for pre-numeral goal,Decode/transcript check/clipping/number clarity/pace/actual-context listening,Pending: product/content/art or listening as applicable; record reviewer/date/decision; technical pass is not approval.,,new-required,audio
VO-JOIN-APPLE-1-1-RESULT,voice-script,join-relationship,1,Exact draft transcript; one selected take per voice; unselected takes retained separately,1 WAV master + 1 selected AAC .m4a per unique script; exact request / provenance JSON,Phase 1 audition subset; Phase 2D remaining,F03,JOIN-02,voice-audition;content-review,Exact text caption; silence works; narration is not required for pre-numeral goal,Decode/transcript check/clipping/number clarity/pace/actual-context listening,Pending: product/content/art or listening as applicable; record reviewer/date/decision; technical pass is not approval.,,new-required,audio
VO-JOIN-BERRY-1-2-INTRO,voice-script,join-instruction,1,Exact draft transcript; one selected take per voice; unselected takes retained separately,1 WAV master + 1 selected AAC .m4a per unique script; exact request / provenance JSON,Phase 1 audition subset; Phase 2D remaining,F03,JOIN-03,voice-audition;content-review,Exact text caption; silence works; narration is not required for pre-numeral goal,Decode/transcript check/clipping/number clarity/pace/actual-context listening,Pending: product/content/art or listening as applicable; record reviewer/date/decision; technical pass is not approval.,,new-required,audio
VO-JOIN-BERRY-1-2-RESULT,voice-script,join-relationship,1,Exact draft transcript; one selected take per voice; unselected takes retained separately,1 WAV master + 1 selected AAC .m4a per unique script; exact request / provenance JSON,Phase 1 audition subset; Phase 2D remaining,F03,JOIN-03,voice-audition;content-review,Exact text caption; silence works; narration is not required for pre-numeral goal,Decode/transcript check/clipping/number clarity/pace/actual-context listening,Pending: product/content/art or listening as applicable; record reviewer/date/decision; technical pass is not approval.,,new-required,audio
VO-JOIN-APPLE-2-2-INTRO,voice-script,join-instruction,1,Exact draft transcript; one selected take per voice; unselected takes retained separately,1 WAV master + 1 selected AAC .m4a per unique script; exact request / provenance JSON,Phase 1 audition subset; Phase 2D remaining,F03,JOIN-04,voice-audition;content-review,Exact text caption; silence works; narration is not required for pre-numeral goal,Decode/transcript check/clipping/number clarity/pace/actual-context listening,Pending: product/content/art or listening as applicable; record reviewer/date/decision; technical pass is not approval.,,new-required,audio
VO-JOIN-APPLE-2-2-RESULT,voice-script,join-relationship,1,Exact draft transcript; one selected take per voice; unselected takes retained separately,1 WAV master + 1 selected AAC .m4a per unique script; exact request / provenance JSON,Phase 1 audition subset; Phase 2D remaining,F03,JOIN-04,voice-audition;content-review,Exact text caption; silence works; narration is not required for pre-numeral goal,Decode/transcript check/clipping/number clarity/pace/actual-context listening,Pending: product/content/art or listening as applicable; record reviewer/date/decision; technical pass is not approval.,,new-required,audio
VO-JOIN-BERRY-3-2-INTRO,voice-script,join-instruction,1,Exact draft transcript; one selected take per voice; unselected takes retained separately,1 WAV master + 1 selected AAC .m4a per unique script; exact request / provenance JSON,Phase 1 audition subset; Phase 2D remaining,F03,JOIN-05,voice-audition;content-review,Exact text caption; silence works; narration is not required for pre-numeral goal,Decode/transcript check/clipping/number clarity/pace/actual-context listening,Pending: product/content/art or listening as applicable; record reviewer/date/decision; technical pass is not approval.,,new-required,audio
VO-JOIN-BERRY-3-2-RESULT,voice-script,join-relationship,1,Exact draft transcript; one selected take per voice; unselected takes retained separately,1 WAV master + 1 selected AAC .m4a per unique script; exact request / provenance JSON,Phase 1 audition subset; Phase 2D remaining,F03,JOIN-05,voice-audition;content-review,Exact text caption; silence works; narration is not required for pre-numeral goal,Decode/transcript check/clipping/number clarity/pace/actual-context listening,Pending: product/content/art or listening as applicable; record reviewer/date/decision; technical pass is not approval.,,new-required,audio
VO-JOIN-APPLE-0-3-INTRO,voice-script,join-instruction,1,Exact draft transcript; one selected take per voice; unselected takes retained separately,1 WAV master + 1 selected AAC .m4a per unique script; exact request / provenance JSON,Phase 1 audition subset; Phase 2D remaining,F03,JOIN-06,voice-audition;content-review,Exact text caption; silence works; narration is not required for pre-numeral goal,Decode/transcript check/clipping/number clarity/pace/actual-context listening,Pending: product/content/art or listening as applicable; record reviewer/date/decision; technical pass is not approval.,,new-required,audio
VO-JOIN-APPLE-0-3-RESULT,voice-script,join-relationship,1,Exact draft transcript; one selected take per voice; unselected takes retained separately,1 WAV master + 1 selected AAC .m4a per unique script; exact request / provenance JSON,Phase 1 audition subset; Phase 2D remaining,F03,JOIN-06,voice-audition;content-review,Exact text caption; silence works; narration is not required for pre-numeral goal,Decode/transcript check/clipping/number clarity/pace/actual-context listening,Pending: product/content/art or listening as applicable; record reviewer/date/decision; technical pass is not approval.,,new-required,audio
VO-JOIN-BERRY-4-0-INTRO,voice-script,join-instruction,1,Exact draft transcript; one selected take per voice; unselected takes retained separately,1 WAV master + 1 selected AAC .m4a per unique script; exact request / provenance JSON,Phase 1 audition subset; Phase 2D remaining,F03,JOIN-07,voice-audition;content-review,Exact text caption; silence works; narration is not required for pre-numeral goal,Decode/transcript check/clipping/number clarity/pace/actual-context listening,Pending: product/content/art or listening as applicable; record reviewer/date/decision; technical pass is not approval.,,new-required,audio
VO-JOIN-BERRY-4-0-RESULT,voice-script,join-relationship,1,Exact draft transcript; one selected take per voice; unselected takes retained separately,1 WAV master + 1 selected AAC .m4a per unique script; exact request / provenance JSON,Phase 1 audition subset; Phase 2D remaining,F03,JOIN-07,voice-audition;content-review,Exact text caption; silence works; narration is not required for pre-numeral goal,Decode/transcript check/clipping/number clarity/pace/actual-context listening,Pending: product/content/art or listening as applicable; record reviewer/date/decision; technical pass is not approval.,,new-required,audio
VO-JOIN-APPLE-2-3-INTRO,voice-script,join-instruction,1,Exact draft transcript; one selected take per voice; unselected takes retained separately,1 WAV master + 1 selected AAC .m4a per unique script; exact request / provenance JSON,Phase 1 audition subset; Phase 2D remaining,F03,JOIN-08,voice-audition;content-review,Exact text caption; silence works; narration is not required for pre-numeral goal,Decode/transcript check/clipping/number clarity/pace/actual-context listening,Pending: product/content/art or listening as applicable; record reviewer/date/decision; technical pass is not approval.,,new-required,audio
VO-JOIN-APPLE-2-3-RESULT,voice-script,join-relationship,1,Exact draft transcript; one selected take per voice; unselected takes retained separately,1 WAV master + 1 selected AAC .m4a per unique script; exact request / provenance JSON,Phase 1 audition subset; Phase 2D remaining,F03,JOIN-08,voice-audition;content-review,Exact text caption; silence works; narration is not required for pre-numeral goal,Decode/transcript check/clipping/number clarity/pace/actual-context listening,Pending: product/content/art or listening as applicable; record reviewer/date/decision; technical pass is not approval.,,new-required,audio
VO-SHARE-BERRY-5-2-INTRO,voice-script,share-instruction,1,Exact draft transcript; one selected take per voice; unselected takes retained separately,1 WAV master + 1 selected AAC .m4a per unique script; exact request / provenance JSON,Phase 1 audition subset; Phase 2D remaining,F04,TAKE-01,voice-audition;content-review,Exact text caption; silence works; narration is not required for pre-numeral goal,Decode/transcript check/clipping/number clarity/pace/actual-context listening,Pending: product/content/art or listening as applicable; record reviewer/date/decision; technical pass is not approval.,,new-required,audio
VO-SHARE-BERRY-5-2-RESULT,voice-script,share-relationship,1,Exact draft transcript; one selected take per voice; unselected takes retained separately,1 WAV master + 1 selected AAC .m4a per unique script; exact request / provenance JSON,Phase 1 audition subset; Phase 2D remaining,F04,TAKE-01,voice-audition;content-review,Exact text caption; silence works; narration is not required for pre-numeral goal,Decode/transcript check/clipping/number clarity/pace/actual-context listening,Pending: product/content/art or listening as applicable; record reviewer/date/decision; technical pass is not approval.,,new-required,audio
VO-SHARE-APPLE-3-1-INTRO,voice-script,share-instruction,1,Exact draft transcript; one selected take per voice; unselected takes retained separately,1 WAV master + 1 selected AAC .m4a per unique script; exact request / provenance JSON,Phase 1 audition subset; Phase 2D remaining,F04,TAKE-02,voice-audition;content-review,Exact text caption; silence works; narration is not required for pre-numeral goal,Decode/transcript check/clipping/number clarity/pace/actual-context listening,Pending: product/content/art or listening as applicable; record reviewer/date/decision; technical pass is not approval.,,new-required,audio
VO-SHARE-APPLE-3-1-RESULT,voice-script,share-relationship,1,Exact draft transcript; one selected take per voice; unselected takes retained separately,1 WAV master + 1 selected AAC .m4a per unique script; exact request / provenance JSON,Phase 1 audition subset; Phase 2D remaining,F04,TAKE-02,voice-audition;content-review,Exact text caption; silence works; narration is not required for pre-numeral goal,Decode/transcript check/clipping/number clarity/pace/actual-context listening,Pending: product/content/art or listening as applicable; record reviewer/date/decision; technical pass is not approval.,,new-required,audio
VO-SHARE-BERRY-4-1-INTRO,voice-script,share-instruction,1,Exact draft transcript; one selected take per voice; unselected takes retained separately,1 WAV master + 1 selected AAC .m4a per unique script; exact request / provenance JSON,Phase 1 audition subset; Phase 2D remaining,F04,TAKE-03,voice-audition;content-review,Exact text caption; silence works; narration is not required for pre-numeral goal,Decode/transcript check/clipping/number clarity/pace/actual-context listening,Pending: product/content/art or listening as applicable; record reviewer/date/decision; technical pass is not approval.,,new-required,audio
VO-SHARE-BERRY-4-1-RESULT,voice-script,share-relationship,1,Exact draft transcript; one selected take per voice; unselected takes retained separately,1 WAV master + 1 selected AAC .m4a per unique script; exact request / provenance JSON,Phase 1 audition subset; Phase 2D remaining,F04,TAKE-03,voice-audition;content-review,Exact text caption; silence works; narration is not required for pre-numeral goal,Decode/transcript check/clipping/number clarity/pace/actual-context listening,Pending: product/content/art or listening as applicable; record reviewer/date/decision; technical pass is not approval.,,new-required,audio
VO-SHARE-APPLE-2-2-INTRO,voice-script,share-instruction,1,Exact draft transcript; one selected take per voice; unselected takes retained separately,1 WAV master + 1 selected AAC .m4a per unique script; exact request / provenance JSON,Phase 1 audition subset; Phase 2D remaining,F04,TAKE-04,voice-audition;content-review,Exact text caption; silence works; narration is not required for pre-numeral goal,Decode/transcript check/clipping/number clarity/pace/actual-context listening,Pending: product/content/art or listening as applicable; record reviewer/date/decision; technical pass is not approval.,,new-required,audio
VO-SHARE-APPLE-2-2-RESULT,voice-script,share-relationship,1,Exact draft transcript; one selected take per voice; unselected takes retained separately,1 WAV master + 1 selected AAC .m4a per unique script; exact request / provenance JSON,Phase 1 audition subset; Phase 2D remaining,F04,TAKE-04,voice-audition;content-review,Exact text caption; silence works; narration is not required for pre-numeral goal,Decode/transcript check/clipping/number clarity/pace/actual-context listening,Pending: product/content/art or listening as applicable; record reviewer/date/decision; technical pass is not approval.,,new-required,audio
VO-SHARE-BERRY-5-0-INTRO,voice-script,share-instruction,1,Exact draft transcript; one selected take per voice; unselected takes retained separately,1 WAV master + 1 selected AAC .m4a per unique script; exact request / provenance JSON,Phase 1 audition subset; Phase 2D remaining,F04,TAKE-05,voice-audition;content-review,Exact text caption; silence works; narration is not required for pre-numeral goal,Decode/transcript check/clipping/number clarity/pace/actual-context listening,Pending: product/content/art or listening as applicable; record reviewer/date/decision; technical pass is not approval.,,new-required,audio
VO-SHARE-BERRY-5-0-RESULT,voice-script,share-relationship,1,Exact draft transcript; one selected take per voice; unselected takes retained separately,1 WAV master + 1 selected AAC .m4a per unique script; exact request / provenance JSON,Phase 1 audition subset; Phase 2D remaining,F04,TAKE-05,voice-audition;content-review,Exact text caption; silence works; narration is not required for pre-numeral goal,Decode/transcript check/clipping/number clarity/pace/actual-context listening,Pending: product/content/art or listening as applicable; record reviewer/date/decision; technical pass is not approval.,,new-required,audio
VO-SHARE-APPLE-1-1-INTRO,voice-script,share-instruction,1,Exact draft transcript; one selected take per voice; unselected takes retained separately,1 WAV master + 1 selected AAC .m4a per unique script; exact request / provenance JSON,Phase 1 audition subset; Phase 2D remaining,F04,TAKE-06,voice-audition;content-review,Exact text caption; silence works; narration is not required for pre-numeral goal,Decode/transcript check/clipping/number clarity/pace/actual-context listening,Pending: product/content/art or listening as applicable; record reviewer/date/decision; technical pass is not approval.,,new-required,audio
VO-SHARE-APPLE-1-1-RESULT,voice-script,share-relationship,1,Exact draft transcript; one selected take per voice; unselected takes retained separately,1 WAV master + 1 selected AAC .m4a per unique script; exact request / provenance JSON,Phase 1 audition subset; Phase 2D remaining,F04,TAKE-06,voice-audition;content-review,Exact text caption; silence works; narration is not required for pre-numeral goal,Decode/transcript check/clipping/number clarity/pace/actual-context listening,Pending: product/content/art or listening as applicable; record reviewer/date/decision; technical pass is not approval.,,new-required,audio
VO-SHARE-BERRY-5-3-INTRO,voice-script,share-instruction,1,Exact draft transcript; one selected take per voice; unselected takes retained separately,1 WAV master + 1 selected AAC .m4a per unique script; exact request / provenance JSON,Phase 1 audition subset; Phase 2D remaining,F04,TAKE-07,voice-audition;content-review,Exact text caption; silence works; narration is not required for pre-numeral goal,Decode/transcript check/clipping/number clarity/pace/actual-context listening,Pending: product/content/art or listening as applicable; record reviewer/date/decision; technical pass is not approval.,,new-required,audio
VO-SHARE-BERRY-5-3-RESULT,voice-script,share-relationship,1,Exact draft transcript; one selected take per voice; unselected takes retained separately,1 WAV master + 1 selected AAC .m4a per unique script; exact request / provenance JSON,Phase 1 audition subset; Phase 2D remaining,F04,TAKE-07,voice-audition;content-review,Exact text caption; silence works; narration is not required for pre-numeral goal,Decode/transcript check/clipping/number clarity/pace/actual-context listening,Pending: product/content/art or listening as applicable; record reviewer/date/decision; technical pass is not approval.,,new-required,audio
VO-SHARE-APPLE-4-2-INTRO,voice-script,share-instruction,1,Exact draft transcript; one selected take per voice; unselected takes retained separately,1 WAV master + 1 selected AAC .m4a per unique script; exact request / provenance JSON,Phase 1 audition subset; Phase 2D remaining,F04,TAKE-08,voice-audition;content-review,Exact text caption; silence works; narration is not required for pre-numeral goal,Decode/transcript check/clipping/number clarity/pace/actual-context listening,Pending: product/content/art or listening as applicable; record reviewer/date/decision; technical pass is not approval.,,new-required,audio
VO-SHARE-APPLE-4-2-RESULT,voice-script,share-relationship,1,Exact draft transcript; one selected take per voice; unselected takes retained separately,1 WAV master + 1 selected AAC .m4a per unique script; exact request / provenance JSON,Phase 1 audition subset; Phase 2D remaining,F04,TAKE-08,voice-audition;content-review,Exact text caption; silence works; narration is not required for pre-numeral goal,Decode/transcript check/clipping/number clarity/pace/actual-context listening,Pending: product/content/art or listening as applicable; record reviewer/date/decision; technical pass is not approval.,,new-required,audio
VO-RETRY-NEUTRAL,voice-script,first submitted miss — neutral,1,Exact draft transcript; one selected take per voice; unselected takes retained separately,1 WAV master + 1 selected AAC .m4a per unique script; exact request / provenance JSON,Phase 1 audition subset; Phase 2D remaining,F02|F03|F04|F05,CNT-01|CNT-02|CNT-03|CNT-04|CNT-05|CNT-06|CNT-07|CNT-08|JOIN-01|JOIN-02|JOIN-03|JOIN-04|JOIN-05|JOIN-06|JOIN-07|JOIN-08|TAKE-01|TAKE-02|TAKE-03|TAKE-04|TAKE-05|TAKE-06|TAKE-07|TAKE-08,voice-audition;content-review,Exact text caption; silence works; narration is not required for pre-numeral goal,Decode/transcript check/clipping/number clarity/pace/actual-context listening,Pending: product/content/art or listening as applicable; record reviewer/date/decision; technical pass is not approval.,,new-required,audio
LAYOUT-COUNT,layout-definition,count authored arrangement,1,Landscape and portrait semantic regions; six stable region-relative slots; empty-state and larger-text rules,One shared native layout definition in content-catalog.json; no raster files; review actual-size annotated composition,Phase 1 contracts; Phase 2B reviewed definitions,F02|F08|F12,layout-count,ENV-01|OBJ-BERRY|OBJ-APPLE,Reserve 80–88 pt piece targets; separate given reference from working region; preserve focus and identity across orientation,All occurrence region/slot references resolve; slots are unique and region-relative; counts fit without occlusion,Pending: actual iPad-size composition and object readability; technical coordinate validation is not approval.,,new-required,native-design-definition
LAYOUT-JOIN,layout-definition,join authored arrangement,1,Landscape and portrait semantic regions; six stable region-relative slots; empty-state and larger-text rules,One shared native layout definition in content-catalog.json; no raster files; review actual-size annotated composition,Phase 1 contracts; Phase 2B reviewed definitions,F03|F08|F12,layout-join,ENV-01|OBJ-BERRY|OBJ-APPLE,Reserve 80–88 pt piece targets; separate given reference from working region; preserve focus and identity across orientation,All occurrence region/slot references resolve; slots are unique and region-relative; counts fit without occlusion,Pending: actual iPad-size composition and object readability; technical coordinate validation is not approval.,,new-required,native-design-definition
LAYOUT-TAKE,layout-definition,take authored arrangement,1,Landscape and portrait semantic regions; six stable region-relative slots; empty-state and larger-text rules,One shared native layout definition in content-catalog.json; no raster files; review actual-size annotated composition,Phase 1 contracts; Phase 2B reviewed definitions,F04|F08|F12,layout-take,ENV-01|OBJ-BERRY|OBJ-APPLE,Reserve 80–88 pt piece targets; separate given reference from working region; preserve focus and identity across orientation,All occurrence region/slot references resolve; slots are unique and region-relative; counts fit without occlusion,Pending: actual iPad-size composition and object readability; technical coordinate validation is not approval.,,new-required,native-design-definition
